<?xml version="1.0" encoding="utf-8"?>
<ReportedIssue xmlns="http://schemas.datacontract.org/2004/07/Inspector.Models" xmlns:i="http://www.w3.org/2001/XMLSchema-instance">

<Version>2.3.8</Version>

<ProjectId>3</ProjectId>

<IssueType>Exception</IssueType>

<BuildNumber>B72282 (SC2.4.8.b)</BuildNumber>

<Branch>branches/SC2.4.8.b</Branch>

<Field2>SC2 Bug Staging</Field2>

<Priority>2 - High</Priority>

<Summary>e_fileCorruptRepairable (NGDP:E_FAILURE) &quot;Files in your StarCraft II installation are damaged.&quot;</Summary>

<Assertion>e_fileCorruptRepairable (NGDP:E_FAILURE)
&quot;Files in your StarCraft II installation are damaged.&quot;

Thread ID:12980 &quot;Main Thread&quot;

DBG-OPTIONS&lt;NoAddress NoFuncOffset NoDbgAddr NoDbgModules&gt;
DBG-ADDR&lt;00007FF6260967CE&gt;(&quot;&quot;)
DBG-ADDR&lt;00007FF626096067&gt;(&quot;&quot;)
DBG-ADDR&lt;00007FF626096950&gt;(&quot;&quot;)
DBG-ADDR&lt;00007FF62607A4A1&gt;(&quot;&quot;)
DBG-ADDR&lt;00007FF6272E6115&gt;(&quot;&quot;)
DBG-ADDR&lt;00007FF626065688&gt;(&quot;&quot;)
DBG-ADDR&lt;00007FF6260668CC&gt;(&quot;&quot;)
DBG-OPTIONS&lt;&gt;</Assertion>

<HashBlock>e_fileCorruptRepairable (NGDP:E_FAILURE)
================================================================================
DBG-OPTIONS&lt;FunctionsOnly&gt;
DBG-ADDR&lt;00007FF6260967CE&gt;(&quot;&quot;)
DBG-ADDR&lt;00007FF626096067&gt;(&quot;&quot;)
DBG-ADDR&lt;00007FF626096950&gt;(&quot;&quot;)
DBG-ADDR&lt;00007FF62607A4A1&gt;(&quot;&quot;)
DBG-ADDR&lt;00007FF6272E6115&gt;(&quot;&quot;)
DBG-ADDR&lt;00007FF626065688&gt;(&quot;&quot;)
DBG-ADDR&lt;00007FF6260668CC&gt;(&quot;&quot;)
DBG-OPTIONS&lt;&gt;</HashBlock>

<Steps></Steps>

<IssueFields>
	<IssueField>
		<Name>Version</Name>
		<Value>2.3.8</Value>
	</IssueField>
	<IssueField>
		<Name>JiraProjectKey</Name>
		<Value>SC2</Value>
	</IssueField>
	<IssueField>
		<Name>IssueType</Name>
		<Value>Exception</Value>
	</IssueField>
	<IssueField>
		<Name>BuildNumber</Name>
		<Value>B72282 (SC2.4.8.b)</Value>
	</IssueField>
	<IssueField>
		<Name>Branch</Name>
		<Value>branches/SC2.4.8.b</Value>
	</IssueField>
	<IssueField>
		<Name>Priority</Name>
		<Value>2 - High</Value>
	</IssueField>
	<IssueField>
		<Name>Summary</Name>
		<Value>e_fileCorruptRepairable (NGDP:E_FAILURE) &quot;Files in your StarCraft II installation are damaged.&quot;</Value>
	</IssueField>
	<IssueField>
		<Name>Assertion</Name>
		<Value>e_fileCorruptRepairable (NGDP:E_FAILURE)
&quot;Files in your StarCraft II installation are damaged.&quot;

Thread ID:12980 &quot;Main Thread&quot;

DBG-OPTIONS&lt;NoAddress NoFuncOffset NoDbgAddr NoDbgModules&gt;
DBG-ADDR&lt;00007FF6260967CE&gt;(&quot;&quot;)
DBG-ADDR&lt;00007FF626096067&gt;(&quot;&quot;)
DBG-ADDR&lt;00007FF626096950&gt;(&quot;&quot;)
DBG-ADDR&lt;00007FF62607A4A1&gt;(&quot;&quot;)
DBG-ADDR&lt;00007FF6272E6115&gt;(&quot;&quot;)
DBG-ADDR&lt;00007FF626065688&gt;(&quot;&quot;)
DBG-ADDR&lt;00007FF6260668CC&gt;(&quot;&quot;)
DBG-OPTIONS&lt;&gt;</Value>
	</IssueField>
	<IssueField>
		<Name>HashBlock</Name>
		<Value>e_fileCorruptRepairable (NGDP:E_FAILURE)
================================================================================
DBG-OPTIONS&lt;FunctionsOnly&gt;
DBG-ADDR&lt;00007FF6260967CE&gt;(&quot;&quot;)
DBG-ADDR&lt;00007FF626096067&gt;(&quot;&quot;)
DBG-ADDR&lt;00007FF626096950&gt;(&quot;&quot;)
DBG-ADDR&lt;00007FF62607A4A1&gt;(&quot;&quot;)
DBG-ADDR&lt;00007FF6272E6115&gt;(&quot;&quot;)
DBG-ADDR&lt;00007FF626065688&gt;(&quot;&quot;)
DBG-ADDR&lt;00007FF6260668CC&gt;(&quot;&quot;)
DBG-OPTIONS&lt;&gt;</Value>
	</IssueField>
	<IssueField>
		<Name>Steps</Name>
		<Value></Value>
	</IssueField>
</IssueFields>
<Metadata>
<NameValuePairs>

	<NameValuePair>
		<Name>OS.Platform</Name>
		<Value>Windows</Value>
	</NameValuePair>

	<NameValuePair>
		<Name>OS.Family</Name>
		<Value>Windows 10/10 Server</Value>
	</NameValuePair>

	<NameValuePair>
		<Name>OS.Build</Name>
		<Value>Windows 10 (17134) 64-bit</Value>
	</NameValuePair>

	<NameValuePair>
		<Name>OS.Bits</Name>
		<Value>64</Value>
	</NameValuePair>

	<NameValuePair>
		<Name>Mem.Physical</Name>
		<Value>17179869184</Value>
	</NameValuePair>

	<NameValuePair>
		<Name>Mem.Grouping</Name>
		<Value> 16.0 GB -  23.99 GB</Value>
	</NameValuePair>

	<NameValuePair>
		<Name>CPU.Vendor</Name>
		<Value>Intel</Value>
	</NameValuePair>

	<NameValuePair>
		<Name>CPU.Brand</Name>
		<Value>Intel(R) Core(TM) i7-4770HQ CPU @ 2.20GHz</Value>
	</NameValuePair>

	<NameValuePair>
		<Name>CPU.Signature</Name>
		<Value>GenuineIntel 00040661</Value>
	</NameValuePair>

	<NameValuePair>
		<Name>CPU.LogicalProcessors</Name>
		<Value>8</Value>
	</NameValuePair>

	<NameValuePair>
		<Name>CPU.ClockRate.Grouping</Name>
		<Value>2.00GHz - 2.29GHz</Value>
	</NameValuePair>

	<NameValuePair>
		<Name>User.UUID</Name>
		<Value>9353CD00-29C0-43E9-8F6B-1FC5052FEE64</Value>
	</NameValuePair>

	<NameValuePair>
		<Name>Report.UUID</Name>
		<Value>1F360972-0D02-43CA-9A44-FB116CE50B57</Value>
	</NameValuePair>

	<NameValuePair>
		<Name>Parameters</Name>
		<Value>-sso=1 -launch -uid s2_enus</Value>
	</NameValuePair>

	<NameValuePair>
		<Name>ComputerUser</Name>
		<Value>Ivan</Value>
	</NameValuePair>

	<NameValuePair>
		<Name>ComputerName</Name>
		<Value>DESKTOP-DSNC292</Value>
	</NameValuePair>

	<NameValuePair>
		<Name>Exe.Architecture</Name>
		<Value>x86_64</Value>
	</NameValuePair>

	<NameValuePair>
		<Name>ErrorType</Name>
		<Value>e_fileCorruptRepairable</Value>
	</NameValuePair>

	<NameValuePair>
		<Name>GetLastError</Name>
		<Value>0</Value>
	</NameValuePair>

	<NameValuePair>
		<Name>Application</Name>
		<Value>StarCraft II</Value>
	</NameValuePair>

	<NameValuePair>
		<Name>InstanceID</Name>
		<Value>0</Value>
	</NameValuePair>

	<NameValuePair>
		<Name>Inspector.DebugModules</Name>
		<Value>DBG-MODULE&lt;00007FF625E70000 079CE000 &quot;SC2_x64.exe&quot; &quot;SC2_x64.pdb&quot; 0 {d50724c1-93ec-42d1-9cc16f82ec2175bd} 19 1550114315&gt;
DBG-MODULE&lt;00007FFACC580000 001E1000 &quot;ntdll.dll&quot; &quot;ntdll.pdb&quot; 0 {95927c40-b68e-505c-d22742795247114c} 1 1958664368&gt;
DBG-MODULE&lt;00007FFACC000000 000B2000 &quot;KERNEL32.DLL&quot; &quot;kernel32.pdb&quot; 0 {3c2aaa02-0c3c-4c31-f56cbbfaedae94ac} 1 2678313584&gt;
DBG-MODULE&lt;00007FFAC9620000 00273000 &quot;KERNELBASE.dll&quot; &quot;kernelbase.pdb&quot; 0 {cd6c76e6-1202-5328-7103cd7e22cc0a5d} 1 3119816945&gt;
DBG-MODULE&lt;00007FFACA630000 00190000 &quot;USER32.dll&quot; &quot;user32.pdb&quot; 0 {a6eca7ae-60ef-5c0b-7889f47b2d1e345f} 1 385948636&gt;
DBG-MODULE&lt;00007FFAC8CF0000 00020000 &quot;win32u.dll&quot; &quot;win32u.pdb&quot; 0 {e7b63b3d-79e4-637f-1d13d11edafb4c15} 1 3102412338&gt;
DBG-MODULE&lt;00007FFACC420000 00028000 &quot;GDI32.dll&quot; &quot;gdi32.pdb&quot; 0 {ee331f0f-8fda-1ede-0bcb411f0e939bac} 1 3161083915&gt;
DBG-MODULE&lt;00007FFAC8D10000 00192000 &quot;gdi32full.dll&quot; &quot;gdi32full.pdb&quot; 0 {0ad53f5e-1570-2192-8dd3df1402f16873} 1 1290080097&gt;
DBG-MODULE&lt;00007FFAC9970000 0009F000 &quot;msvcp_win.dll&quot; &quot;msvcp_win.pdb&quot; 0 {74303628-cd13-6daa-a10846542e752567} 1 1309689682&gt;
DBG-MODULE&lt;00007FFAC8950000 000F8000 &quot;ucrtbase.dll&quot; &quot;ucrtbase.pdb&quot; 0 {6cab4d7e-95ee-d664-c7c5936a0c042f75} 1 4149015156&gt;
DBG-MODULE&lt;00007FFACA7C0000 0002D000 &quot;IMM32.DLL&quot; &quot;imm32.pdb&quot; 0 {96831597-1aa4-39c4-c892e45b5591cb36} 1 2051380879&gt;
DBG-MODULE&lt;00007FFAC7E30000 00038000 &quot;IPHLPAPI.DLL&quot; &quot;iphlpapi.pdb&quot; 0 {09f0e590-144b-d7d3-77b086c42618f9e8} 1 1861066639&gt;
DBG-MODULE&lt;00007FFAC47A0000 0004C000 &quot;pdh.dll&quot; &quot;pdh.pdb&quot; 0 {513e81ec-817b-b1b8-fdbba6be03ee110a} 1 1913817307&gt;
DBG-MODULE&lt;00007FFACAA40000 0009E000 &quot;msvcrt.dll&quot; &quot;msvcrt.pdb&quot; 0 {d6265247-309a-824b-989b0487e235d743} 1 1555801853&gt;
DBG-MODULE&lt;00007FFACA7F0000 00124000 &quot;RPCRT4.dll&quot; &quot;rpcrt4.pdb&quot; 0 {25e22cd6-e9b9-4926-7adf61dcbd0d049c} 1 2443493969&gt;
DBG-MODULE&lt;00007FFAC9DA0000 000A1000 &quot;advapi32.dll&quot; &quot;advapi32.pdb&quot; 0 {a81f8695-b1dc-c999-204bc028466d8e38} 1 68365329&gt;
DBG-MODULE&lt;00007FFACAAE0000 0005B000 &quot;sechost.dll&quot; &quot;sechost.pdb&quot; 0 {dd59c601-dc77-24c9-16f011c5053a3c9b} 1 3390543054&gt;
DBG-MODULE&lt;0000000070BA0000 001B2000 &quot;icuin52.dll&quot; &quot;icuin52.pdb&quot; 0 {13848de7-58b6-49ca-8a3da104c51da5a0} 1 1412300404&gt;
DBG-MODULE&lt;0000000070AC0000 000D2000 &quot;MSVCR100.dll&quot; &quot;msvcr100.amd64.pdb&quot; 0 {25656ec1-1750-43b6-96d893aea9e1984b} 1 1307753644&gt;
DBG-MODULE&lt;0000000070A20000 00098000 &quot;MSVCP100.dll&quot; &quot;msvcp100.amd64.pdb&quot; 0 {32f89d1b-58a0-421b-9423a6bc4c3d4a97} 1 1307753666&gt;
DBG-MODULE&lt;00000000708D0000 0014B000 &quot;icuuc52.dll&quot; &quot;icuuc52.pdb&quot; 0 {9238b1da-4aa1-4fca-ae72e308518caec4} 1 1412300392&gt;
DBG-MODULE&lt;00000209434E0000 00A65000 &quot;icudt52.dll&quot; &quot;&quot; 0 {00000000-0000-0000-0000000000000000} 0 1412300436&gt;
DBG-MODULE&lt;00007FFA89D00000 00197000 &quot;d3d9.dll&quot; &quot;d3d9.pdb&quot; 0 {ca564a23-2b8b-5fde-fd5dccb816464278} 1 3038079138&gt;
DBG-MODULE&lt;00007FFAC6C10000 00029000 &quot;dwmapi.dll&quot; &quot;dwmapi.pdb&quot; 0 {7e734699-3ee8-0019-15cc714dcae658da} 1 728268021&gt;
DBG-MODULE&lt;00007FFACA300000 00322000 &quot;combase.dll&quot; &quot;combase.pdb&quot; 0 {aa3a99d9-0ee7-8224-206b6b074e4bf982} 1 2773280846&gt;
DBG-MODULE&lt;00007FFAC98F0000 0007A000 &quot;bcryptPrimitives.dll&quot; &quot;bcryptprimitives.pdb&quot; 0 {9073c692-d9ee-2bee-45cc18ca75a83c29} 1 3743072028&gt;
DBG-MODULE&lt;00007FFA8FAA0000 00275000 &quot;d3dx9_42.dll&quot; &quot;d3dx9_42.pdb&quot; 0 {b9d7ca1a-04dc-4c62-a5546c36964213a3} 1 1248671894&gt;
DBG-MODULE&lt;00007FFAC2C70000 00047000 &quot;d3dx11_42.dll&quot; &quot;d3dx11_42.pdb&quot; 0 {0bb8f95a-f72e-4c2a-abb8ad72328a3e8b} 1 1250487042&gt;
DBG-MODULE&lt;00007FFACC0C0000 00151000 &quot;ole32.dll&quot; &quot;ole32.pdb&quot; 0 {d0b59145-885d-74f9-ea2bbda8b9d71648} 1 711628755&gt;
DBG-MODULE&lt;00007FFA8EA20000 0027C000 &quot;D3DCompiler_42.dll&quot; &quot;D3DCompiler_42.pdb&quot; 0 {48920914-191a-4360-97e783e5cfa716e5} 1 1250486983&gt;
DBG-MODULE&lt;00007FFAADE90000 000F6000 &quot;DDRAW.dll&quot; &quot;ddraw.pdb&quot; 0 {f528c046-cb60-4c2f-7607a85725468e89} 1 3613155350&gt;
DBG-MODULE&lt;00007FFAC7650000 000BB000 &quot;dxgi.dll&quot; &quot;dxgi.pdb&quot; 0 {e6581162-d2c5-4d45-3d61c2165a1aee8c} 1 3416812680&gt;
DBG-MODULE&lt;00007FFAC4330000 00008000 &quot;DCIMAN32.dll&quot; &quot;dciman32.pdb&quot; 0 {6d9f584f-ae71-1e87-8ccb20887c644b95} 1 1343698628&gt;
DBG-MODULE&lt;00007FFAC8280000 0000B000 &quot;CRYPTBASE.DLL&quot; &quot;cryptbase.pdb&quot; 0 {3d285fab-f314-4c81-cd9a4820daf6720b} 1 3051983857&gt;
DBG-MODULE&lt;00007FFACABB0000 01440000 &quot;SHELL32.dll&quot; &quot;shell32.pdb&quot; 0 {75baac82-8a44-d71d-60148663002a6f98} 1 1555740868&gt;
DBG-MODULE&lt;00007FFAC98A0000 00049000 &quot;cfgmgr32.dll&quot; &quot;cfgmgr32.pdb&quot; 0 {8fa2abcb-6d2d-497e-239e80b8347c9635} 1 2676416819&gt;
DBG-MODULE&lt;00007FFAC9BB0000 000A9000 &quot;shcore.dll&quot; &quot;shcore.pdb&quot; 0 {af966677-d35d-e4c8-9f6c5de55415df61} 1 1940387341&gt;
DBG-MODULE&lt;00007FFAC8F10000 0070D000 &quot;windows.storage.dll&quot; &quot;Windows.Storage.pdb&quot; 0 {33dfa94a-c5a7-747c-ed1a40118eb198bb} 1 1796055707&gt;
DBG-MODULE&lt;00007FFAC9D40000 00051000 &quot;shlwapi.dll&quot; &quot;shlwapi.pdb&quot; 0 {6ac7b177-3d3a-883e-0bf5f5ba00d785f3} 1 766279475&gt;
DBG-MODULE&lt;00007FFAC88C0000 00011000 &quot;kernel.appcore.dll&quot; &quot;Kernel.Appcore.pdb&quot; 0 {a54fd7a1-4c06-93b1-6ad97cac040380a0} 1 4037646247&gt;
DBG-MODULE&lt;00007FFAC8930000 0001F000 &quot;profapi.dll&quot; &quot;profapi.pdb&quot; 0 {57e1d8b9-fd35-6301-1713f648efc08751} 1 1746071419&gt;
DBG-MODULE&lt;00007FFAC88E0000 0004C000 &quot;powrprof.dll&quot; &quot;powrprof.pdb&quot; 0 {59ed7888-b9bc-b904-d8d8ccca30fa26a7} 1 2726754390&gt;
DBG-MODULE&lt;00007FFAC88B0000 0000A000 &quot;FLTLIB.DLL&quot; &quot;fltLib.pdb&quot; 0 {e90def5c-b851-e8dc-f61b81e670848afe} 1 1961070757&gt;
DBG-MODULE&lt;00007FFAC9C60000 000C3000 &quot;OLEAUT32.dll&quot; &quot;oleaut32.pdb&quot; 0 {dc3ee3c3-a5d1-7f66-fbc6e2fdf77be5bd} 1 2070125922&gt;
DBG-MODULE&lt;00007FFACAA10000 00008000 &quot;PSAPI.DLL&quot; &quot;psapi.pdb&quot; 0 {e5ed5635-15da-e49c-771860dc22cf09da} 1 2778714572&gt;
DBG-MODULE&lt;00007FFAAAFA0000 00269000 &quot;COMCTL32.dll&quot; &quot;comctl32.pdb&quot; 0 {bbb21c34-a9c1-7983-c2858376d247b65c} 1 3988594948&gt;
DBG-MODULE&lt;00007FFACAB40000 0006C000 &quot;WS2_32.dll&quot; &quot;ws2_32.pdb&quot; 0 {2ff28a44-df18-b872-a8b205684df1da28} 1 721506699&gt;
DBG-MODULE&lt;00007FFAC42F0000 0001C000 &quot;MSACM32.dll&quot; &quot;msacm32.pdb&quot; 0 {fb16eb8b-a106-83be-1d8719b809d89c82} 1 2958472110&gt;
DBG-MODULE&lt;00007FFAC65B0000 0002A000 &quot;winmmbase.dll&quot; &quot;WINMMBASE.pdb&quot; 0 {c9aa8ede-efd8-6d52-94b10e676e2908d6} 1 2469718344&gt;
DBG-MODULE&lt;00007FFAC65F0000 00023000 &quot;WINMM.dll&quot; &quot;winmm.pdb&quot; 0 {dc53da73-3402-b220-d7ebd844e8d49aa2} 1 1464416397&gt;
DBG-MODULE&lt;00007FFAC6A80000 00098000 &quot;UxTheme.dll&quot; &quot;UxTheme.pdb&quot; 0 {b390c1f7-1bf3-f009-212e16d3f7cc9eaf} 1 1726556257&gt;
DBG-MODULE&lt;00007FFAB7570000 004BD000 &quot;WININET.dll&quot; &quot;wininet.pdb&quot; 0 {9d3289e9-cde7-2ac4-2479f217bbbefe1c} 1 743401398&gt;
DBG-MODULE&lt;00007FFAC8B00000 001E2000 &quot;CRYPT32.dll&quot; &quot;crypt32.pdb&quot; 0 {dbacdb16-5ed5-ce5d-b420234acae574db} 1 30622050&gt;
DBG-MODULE&lt;00007FFAC8890000 00012000 &quot;MSASN1.dll&quot; &quot;msasn1.pdb&quot; 0 {4a1d48cf-a1cc-2fdc-d102c5c7bcaebcab} 1 879144806&gt;
DBG-MODULE&lt;00007FFAA87E0000 0008F000 &quot;DSOUND.dll&quot; &quot;dsound.pdb&quot; 0 {39751096-059e-d091-de6306e3084b114a} 1 966196046&gt;
DBG-MODULE&lt;00007FFAC43A0000 000DD000 &quot;WINHTTP.dll&quot; &quot;winhttp.pdb&quot; 0 {1f53a741-8836-5267-9fa84192408dae43} 1 2363991808&gt;
DBG-MODULE&lt;00007FFAC87C0000 00030000 &quot;SspiCli.dll&quot; &quot;sspicli.pdb&quot; 0 {267b5165-a686-733a-689f6e911a8c1fca} 1 87484490&gt;
DBG-MODULE&lt;00007FFAC05D0000 00068000 &quot;wlanapi.dll&quot; &quot;wlanapi.pdb&quot; 0 {73f6666a-1937-e351-57b6ff0327124a33} 1 215614399&gt;
DBG-MODULE&lt;00007FFAAA1C0000 00066000 &quot;bzrclient64.dll&quot; &quot;bzrclient64.pdb&quot; 0 {2fecd4be-92be-4572-a6e132b4429d9da7} 1 1540849087&gt;
DBG-MODULE&lt;00007FFACC4B0000 000A0000 &quot;clbcatq.dll&quot; &quot;CLBCatQ.pdb&quot; 0 {4f8256ce-c642-7581-df388b2c7ba58642} 1 2679907775&gt;
DBG-MODULE&lt;00007FFABF460000 00076000 &quot;MMDevApi.dll&quot; &quot;MMDevAPI.pdb&quot; 0 {be69f4b8-9656-c739-2c3a310731f33017} 1 3113038761&gt;
DBG-MODULE&lt;00007FFAC7390000 001B4000 &quot;PROPSYS.dll&quot; &quot;propsys.pdb&quot; 0 {876085aa-509a-4277-ddab6697a6438fc3} 1 2049774845&gt;
DBG-MODULE&lt;00007FFAC86A0000 00027000 &quot;DEVOBJ.dll&quot; &quot;devobj.pdb&quot; 0 {e2fb3762-66e5-c1fa-df34993127631231} 1 4197975473&gt;
DBG-MODULE&lt;00007FFABAB00000 0012C000 &quot;AUDIOSES.DLL&quot; &quot;audioses.pdb&quot; 0 {24646309-6c1b-ff06-d11ab0d63bb930f6} 1 1365083618&gt;
DBG-MODULE&lt;00007FFAC4080000 0014D000 &quot;wintypes.dll&quot; &quot;WinTypes.pdb&quot; 0 {558eb67f-0829-25df-8d97e3528458deb6} 1 3910759648&gt;
DBG-MODULE&lt;00007FFAC3630000 0000A000 &quot;AVRT.dll&quot; &quot;avrt.pdb&quot; 0 {7234747d-4865-cd6e-0a8c85a09fc2cce2} 1 1216537635&gt;
DBG-MODULE&lt;00007FFAC41D0000 0000E000 &quot;perfos.dll&quot; &quot;perfos.pdb&quot; 0 {583710d2-d5a2-b2f8-f2abb2a7d5e6ab94} 1 1319977999&gt;
DBG-MODULE&lt;00007FFACBFF0000 00008000 &quot;NSI.dll&quot; &quot;nsi.pdb&quot; 0 {cbda2ec4-758b-b683-2a8e0c18fe9d9080} 1 767541628&gt;
DBG-MODULE&lt;00007FFAC07E0000 0001A000 &quot;dhcpcsvc.DLL&quot; &quot;dhcpcsvc.pdb&quot; 0 {7a801f40-881f-5a4d-3c466036a5004954} 1 3589038327&gt;
DBG-MODULE&lt;00007FFAC78F0000 0008A000 &quot;FirewallAPI.dll&quot; &quot;FirewallAPI.pdb&quot; 0 {05b1cc4d-6876-39e4-4a30e360fddec99d} 1 3707338793&gt;
DBG-MODULE&lt;00007FFAC78C0000 0002B000 &quot;fwbase.dll&quot; &quot;fwbase.pdb&quot; 0 {2f64c39b-cd7b-3fc7-ee60a51945a141bf} 1 3454104324&gt;
DBG-MODULE&lt;00007FFAB6470000 00039000 &quot;FWPolicyIOMgr.dll&quot; &quot;FWPolicyIOMgr.pdb&quot; 0 {c4641d43-6e9a-6d44-1e1d5465af5a17f6} 1 3714659860&gt;
DBG-MODULE&lt;00007FFAC80B0000 00066000 &quot;mswsock.dll&quot; &quot;mswsock.pdb&quot; 0 {9899648e-36ca-af71-16b67561ac652189} 1 1239630573&gt;
DBG-MODULE&lt;0000000070760000 00169000 &quot;DbgHelp.dll&quot; &quot;dbghelp.pdb&quot; 0 {3678414c-b373-4cb6-8118c1dd3434f091} 1 1235614227&gt;</Value>
	</NameValuePair>

	<NameValuePair>
		<Name>Inspector.CodeBytes</Name>
		<Value>DBG-CODEBYTES&lt; 00007FF6260967BE: FF FF FF C7  44 24 5C FF  FF FF FF E8  02 3D 06 00  &gt;
DBG-CODEBYTES&lt; 00007FF6260967CE: 45 84 FF 75  6A 8B 85 44  02 00 00 A8  02 74 12 A8  &gt;

DBG-CODEBYTES&lt; 00007FF626096057: 89 45 88 41  8B D7 48 8D  4C 24 40 E8  B9 00 00 00  &gt;
DBG-CODEBYTES&lt; 00007FF626096067: 40 84 F6 74  05 E8 9F 1B  06 00 8B 85  24 04 00 00  &gt;

DBG-CODEBYTES&lt; 00007FF626096940: 4C 24 28 8D  4A 08 48 89  74 24 20 E8  E0 F3 FF FF  &gt;
DBG-CODEBYTES&lt; 00007FF626096950: 8B 44 24 64  A8 02 74 10  A8 01 74 0C  48 8B 4C 24  &gt;

DBG-CODEBYTES&lt; 00007FF62607A491: 55 48 48 0F  45 55 48 41  83 C9 FF E8  AF C3 01 00  &gt;
DBG-CODEBYTES&lt; 00007FF62607A4A1: E9 93 02 00  00 41 83 FE  02 0F 85 89  02 00 00 48  &gt;

DBG-CODEBYTES&lt; 00007FF6272E6105: 45 E0 48 89  44 24 20 0F  11 45 F0 E8  4B 41 D9 FE  &gt;
DBG-CODEBYTES&lt; 00007FF6272E6115: 48 8B 9C 24  98 00 00 00  48 81 C4 80  00 00 00 5D  &gt;

DBG-CODEBYTES&lt; 00007FF626065678: C0 0F 95 44  24 74 E8 1D  FF 27 01 E8  48 08 28 01  &gt;
DBG-CODEBYTES&lt; 00007FF626065688: 80 3D E2 46  27 03 00 74  19 E8 BA 84  03 01 E8 C5  &gt;

DBG-CODEBYTES&lt; 00007FF6260668BC: 90 B9 00 00  08 00 E8 B9  F3 03 00 E8  14 ED FF FF  &gt;
DBG-CODEBYTES&lt; 00007FF6260668CC: 8B D8 8B 4C  24 64 F6 C1  02 74 12 F6  C1 01 74 0D  &gt;</Value>
	</NameValuePair>

</NameValuePairs>

<NameValueSets>

</NameValueSets>


</Metadata>

</ReportedIssue>
