<?xml version="1.0" encoding="utf-8"?>
<ReportedIssue xmlns="http://schemas.datacontract.org/2004/07/Inspector.Models" xmlns:i="http://www.w3.org/2001/XMLSchema-instance">

<Version>2.3.8</Version>

<ProjectId>3</ProjectId>

<IssueType>Exception</IssueType>

<BuildNumber>B73620 (SC2.4.8.d)</BuildNumber>

<Branch>branches/SC2.4.8.d</Branch>

<Field2>SC2 Bug Staging</Field2>

<Priority>2 - High</Priority>

<Summary>ACCESS_VIOLATION writing to 0x000001F4EF64C2E8: DBG-OPTIONS&lt;FunctionsOnly SingleLine&gt; DBG-ADDR&lt;00007FF788B804AC&gt;(&quot;&quot;) &lt;- DBG-ADDR&lt;00007FF788ADA3A8&gt;(&quot;&quot;) &lt;- DBG-ADDR&lt;00007FF788B668FB&gt;(&quot;&quot;) DBG-OPTIONS&lt;&gt;</Summary>

<Assertion>ACCESS_VIOLATION
writing to 0x000001F4EF64C2E8: DBG-OPTIONS&lt;FunctionsOnly SingleLine&gt; DBG-ADDR&lt;00007FF788B804AC&gt;(&quot;&quot;) &lt;- DBG-ADDR&lt;00007FF788ADA3A8&gt;(&quot;&quot;) &lt;- DBG-ADDR&lt;00007FF788B668FB&gt;(&quot;&quot;) DBG-OPTIONS&lt;&gt;

Thread ID:9032 &quot;Main Thread&quot;

DBG-OPTIONS&lt;NoAddress NoFuncOffset NoDbgAddr NoDbgModules&gt;
DBG-ADDR&lt;00007FF788B804AC&gt;(&quot;&quot;)
DBG-ADDR&lt;00007FF788ADA3A8&gt;(&quot;&quot;)
DBG-ADDR&lt;00007FF788B668FB&gt;(&quot;&quot;)
DBG-ADDR&lt;00007FF788A80735&gt;(&quot;&quot;)
DBG-ADDR&lt;00007FF788A7F83B&gt;(&quot;&quot;)
DBG-ADDR&lt;00007FF788A8D8F7&gt;(&quot;&quot;)
DBG-ADDR&lt;00007FF788A9D775&gt;(&quot;&quot;)
DBG-ADDR&lt;00007FF788A997DF&gt;(&quot;&quot;)
DBG-ADDR&lt;00007FF7889F568D&gt;(&quot;&quot;)
DBG-ADDR&lt;00007FF7889F5530&gt;(&quot;&quot;)
DBG-ADDR&lt;00007FF7889F5580&gt;(&quot;&quot;)
DBG-ADDR&lt;00007FF787337EA8&gt;(&quot;&quot;)
DBG-ADDR&lt;00007FF788120515&gt;(&quot;&quot;)
DBG-ADDR&lt;00007FF78817D1BC&gt;(&quot;&quot;)
DBG-ADDR&lt;00007FF7881828DC&gt;(&quot;&quot;)
DBG-ADDR&lt;00007FF786F0B86A&gt;(&quot;&quot;)
DBG-ADDR&lt;00007FF786F0C54C&gt;(&quot;&quot;)
DBG-OPTIONS&lt;&gt;</Assertion>

<HashBlock>ACCESS_VIOLATION (0xC0000005)
================================================================================
DBG-OPTIONS&lt;FunctionsOnly&gt;
DBG-ADDR&lt;00007FF788B804AC&gt;(&quot;&quot;)
DBG-ADDR&lt;00007FF788ADA3A8&gt;(&quot;&quot;)
DBG-ADDR&lt;00007FF788B668FB&gt;(&quot;&quot;)
DBG-ADDR&lt;00007FF788A80735&gt;(&quot;&quot;)
DBG-ADDR&lt;00007FF788A7F83B&gt;(&quot;&quot;)
DBG-ADDR&lt;00007FF788A8D8F7&gt;(&quot;&quot;)
DBG-ADDR&lt;00007FF788A9D775&gt;(&quot;&quot;)
DBG-ADDR&lt;00007FF788A997DF&gt;(&quot;&quot;)
DBG-ADDR&lt;00007FF7889F568D&gt;(&quot;&quot;)
DBG-ADDR&lt;00007FF7889F5530&gt;(&quot;&quot;)
DBG-ADDR&lt;00007FF7889F5580&gt;(&quot;&quot;)
DBG-ADDR&lt;00007FF787337EA8&gt;(&quot;&quot;)
DBG-ADDR&lt;00007FF788120515&gt;(&quot;&quot;)
DBG-ADDR&lt;00007FF78817D1BC&gt;(&quot;&quot;)
DBG-ADDR&lt;00007FF7881828DC&gt;(&quot;&quot;)
DBG-ADDR&lt;00007FF786F0B86A&gt;(&quot;&quot;)
DBG-ADDR&lt;00007FF786F0C54C&gt;(&quot;&quot;)
DBG-OPTIONS&lt;&gt;</HashBlock>

<Steps>111112</Steps>

<IssueFields>
	<IssueField>
		<Name>Version</Name>
		<Value>2.3.8</Value>
	</IssueField>
	<IssueField>
		<Name>JiraProjectKey</Name>
		<Value>SC2</Value>
	</IssueField>
	<IssueField>
		<Name>IssueType</Name>
		<Value>Exception</Value>
	</IssueField>
	<IssueField>
		<Name>BuildNumber</Name>
		<Value>B73620 (SC2.4.8.d)</Value>
	</IssueField>
	<IssueField>
		<Name>Branch</Name>
		<Value>branches/SC2.4.8.d</Value>
	</IssueField>
	<IssueField>
		<Name>Priority</Name>
		<Value>2 - High</Value>
	</IssueField>
	<IssueField>
		<Name>Summary</Name>
		<Value>ACCESS_VIOLATION writing to 0x000001F4EF64C2E8: DBG-OPTIONS&lt;FunctionsOnly SingleLine&gt; DBG-ADDR&lt;00007FF788B804AC&gt;(&quot;&quot;) &lt;- DBG-ADDR&lt;00007FF788ADA3A8&gt;(&quot;&quot;) &lt;- DBG-ADDR&lt;00007FF788B668FB&gt;(&quot;&quot;) DBG-OPTIONS&lt;&gt;</Value>
	</IssueField>
	<IssueField>
		<Name>Assertion</Name>
		<Value>ACCESS_VIOLATION
writing to 0x000001F4EF64C2E8: DBG-OPTIONS&lt;FunctionsOnly SingleLine&gt; DBG-ADDR&lt;00007FF788B804AC&gt;(&quot;&quot;) &lt;- DBG-ADDR&lt;00007FF788ADA3A8&gt;(&quot;&quot;) &lt;- DBG-ADDR&lt;00007FF788B668FB&gt;(&quot;&quot;) DBG-OPTIONS&lt;&gt;

Thread ID:9032 &quot;Main Thread&quot;

DBG-OPTIONS&lt;NoAddress NoFuncOffset NoDbgAddr NoDbgModules&gt;
DBG-ADDR&lt;00007FF788B804AC&gt;(&quot;&quot;)
DBG-ADDR&lt;00007FF788ADA3A8&gt;(&quot;&quot;)
DBG-ADDR&lt;00007FF788B668FB&gt;(&quot;&quot;)
DBG-ADDR&lt;00007FF788A80735&gt;(&quot;&quot;)
DBG-ADDR&lt;00007FF788A7F83B&gt;(&quot;&quot;)
DBG-ADDR&lt;00007FF788A8D8F7&gt;(&quot;&quot;)
DBG-ADDR&lt;00007FF788A9D775&gt;(&quot;&quot;)
DBG-ADDR&lt;00007FF788A997DF&gt;(&quot;&quot;)
DBG-ADDR&lt;00007FF7889F568D&gt;(&quot;&quot;)
DBG-ADDR&lt;00007FF7889F5530&gt;(&quot;&quot;)
DBG-ADDR&lt;00007FF7889F5580&gt;(&quot;&quot;)
DBG-ADDR&lt;00007FF787337EA8&gt;(&quot;&quot;)
DBG-ADDR&lt;00007FF788120515&gt;(&quot;&quot;)
DBG-ADDR&lt;00007FF78817D1BC&gt;(&quot;&quot;)
DBG-ADDR&lt;00007FF7881828DC&gt;(&quot;&quot;)
DBG-ADDR&lt;00007FF786F0B86A&gt;(&quot;&quot;)
DBG-ADDR&lt;00007FF786F0C54C&gt;(&quot;&quot;)
DBG-OPTIONS&lt;&gt;</Value>
	</IssueField>
	<IssueField>
		<Name>HashBlock</Name>
		<Value>ACCESS_VIOLATION (0xC0000005)
================================================================================
DBG-OPTIONS&lt;FunctionsOnly&gt;
DBG-ADDR&lt;00007FF788B804AC&gt;(&quot;&quot;)
DBG-ADDR&lt;00007FF788ADA3A8&gt;(&quot;&quot;)
DBG-ADDR&lt;00007FF788B668FB&gt;(&quot;&quot;)
DBG-ADDR&lt;00007FF788A80735&gt;(&quot;&quot;)
DBG-ADDR&lt;00007FF788A7F83B&gt;(&quot;&quot;)
DBG-ADDR&lt;00007FF788A8D8F7&gt;(&quot;&quot;)
DBG-ADDR&lt;00007FF788A9D775&gt;(&quot;&quot;)
DBG-ADDR&lt;00007FF788A997DF&gt;(&quot;&quot;)
DBG-ADDR&lt;00007FF7889F568D&gt;(&quot;&quot;)
DBG-ADDR&lt;00007FF7889F5530&gt;(&quot;&quot;)
DBG-ADDR&lt;00007FF7889F5580&gt;(&quot;&quot;)
DBG-ADDR&lt;00007FF787337EA8&gt;(&quot;&quot;)
DBG-ADDR&lt;00007FF788120515&gt;(&quot;&quot;)
DBG-ADDR&lt;00007FF78817D1BC&gt;(&quot;&quot;)
DBG-ADDR&lt;00007FF7881828DC&gt;(&quot;&quot;)
DBG-ADDR&lt;00007FF786F0B86A&gt;(&quot;&quot;)
DBG-ADDR&lt;00007FF786F0C54C&gt;(&quot;&quot;)
DBG-OPTIONS&lt;&gt;</Value>
	</IssueField>
	<IssueField>
		<Name>Steps</Name>
		<Value>111112</Value>
	</IssueField>
</IssueFields>
<Metadata>
<NameValuePairs>

	<NameValuePair>
		<Name>OS.Platform</Name>
		<Value>Windows</Value>
	</NameValuePair>

	<NameValuePair>
		<Name>OS.Family</Name>
		<Value>Windows 10/10 Server</Value>
	</NameValuePair>

	<NameValuePair>
		<Name>OS.Build</Name>
		<Value>Windows 10 (17134) 64-bit</Value>
	</NameValuePair>

	<NameValuePair>
		<Name>OS.Bits</Name>
		<Value>64</Value>
	</NameValuePair>

	<NameValuePair>
		<Name>Mem.Physical</Name>
		<Value>17179869184</Value>
	</NameValuePair>

	<NameValuePair>
		<Name>Mem.Grouping</Name>
		<Value> 16.0 GB -  23.99 GB</Value>
	</NameValuePair>

	<NameValuePair>
		<Name>CPU.Vendor</Name>
		<Value>Intel</Value>
	</NameValuePair>

	<NameValuePair>
		<Name>CPU.Brand</Name>
		<Value>Intel(R) Core(TM) i7-4770HQ CPU @ 2.20GHz</Value>
	</NameValuePair>

	<NameValuePair>
		<Name>CPU.Signature</Name>
		<Value>GenuineIntel 00040661</Value>
	</NameValuePair>

	<NameValuePair>
		<Name>CPU.LogicalProcessors</Name>
		<Value>8</Value>
	</NameValuePair>

	<NameValuePair>
		<Name>CPU.ClockRate.Grouping</Name>
		<Value>2.00GHz - 2.29GHz</Value>
	</NameValuePair>

	<NameValuePair>
		<Name>User.UUID</Name>
		<Value>31539CA4-24CA-49CC-86AC-D0B20E9D3B52</Value>
	</NameValuePair>

	<NameValuePair>
		<Name>Report.UUID</Name>
		<Value>11321E47-9ADE-4828-BD62-5EAAAFDA94FA</Value>
	</NameValuePair>

	<NameValuePair>
		<Name>Parameters</Name>
		<Value>-sso=1 -launch -uid s2_enus</Value>
	</NameValuePair>

	<NameValuePair>
		<Name>ComputerUser</Name>
		<Value>Ivan</Value>
	</NameValuePair>

	<NameValuePair>
		<Name>ComputerName</Name>
		<Value>DESKTOP-DSNC292</Value>
	</NameValuePair>

	<NameValuePair>
		<Name>Exe.Architecture</Name>
		<Value>x86_64</Value>
	</NameValuePair>

	<NameValuePair>
		<Name>Version</Name>
		<Value>4.8.6.73620</Value>
	</NameValuePair>

	<NameValuePair>
		<Name>DataBuild</Name>
		<Value>B73620</Value>
	</NameValuePair>

	<NameValuePair>
		<Name>CodeBranch</Name>
		<Value>branches/SC2.4.8.d</Value>
	</NameValuePair>

	<NameValuePair>
		<Name>CodeRevision</Name>
		<Value>587005</Value>
	</NameValuePair>

	<NameValuePair>
		<Name>Locale.Assets</Name>
		<Value>enUS</Value>
	</NameValuePair>

	<NameValuePair>
		<Name>Locale.Data</Name>
		<Value>enUS</Value>
	</NameValuePair>

	<NameValuePair>
		<Name>Locale.Install</Name>
		<Value>enUS</Value>
	</NameValuePair>

	<NameValuePair>
		<Name>AccountCountry</Name>
		<Value>UKR</Value>
	</NameValuePair>

	<NameValuePair>
		<Name>AgentVersion</Name>
		<Value>2.17.2.6700</Value>
	</NameValuePair>

	<NameValuePair>
		<Name>ErrorType</Name>
		<Value>ACCESS_VIOLATION (0xC0000005)</Value>
	</NameValuePair>

	<NameValuePair>
		<Name>GetLastError</Name>
		<Value>0</Value>
	</NameValuePair>

	<NameValuePair>
		<Name>Application</Name>
		<Value>StarCraft II</Value>
	</NameValuePair>

	<NameValuePair>
		<Name>InstanceID</Name>
		<Value>0</Value>
	</NameValuePair>

	<NameValuePair>
		<Name>Inspector.DebugModules</Name>
		<Value>DBG-MODULE&lt;00007FF786D20000 07A7D000 &quot;SC2_x64.exe&quot; &quot;SC2_x64.pdb&quot; 0 {d75a00dc-35b4-4fa4-b594c49ec12c1600} 20 1556060057&gt;
DBG-MODULE&lt;00007FFBAB910000 001E1000 &quot;ntdll.dll&quot; &quot;ntdll.pdb&quot; 0 {95927c40-b68e-505c-d22742795247114c} 1 1958664368&gt;
DBG-MODULE&lt;00007FFBA9830000 000B1000 &quot;KERNEL32.DLL&quot; &quot;kernel32.pdb&quot; 0 {548caa89-f1fc-f019-3d12d2dc02f8920e} 1 3660411206&gt;
DBG-MODULE&lt;00007FFBA7E80000 00273000 &quot;KERNELBASE.dll&quot; &quot;kernelbase.pdb&quot; 0 {d175c2b0-021a-106f-cd5d74a1c20eb465} 1 3455998866&gt;
DBG-MODULE&lt;00007FFBAA1C0000 00190000 &quot;USER32.dll&quot; &quot;user32.pdb&quot; 0 {a6eca7ae-60ef-5c0b-7889f47b2d1e345f} 1 385948636&gt;
DBG-MODULE&lt;00007FFBA8260000 00020000 &quot;win32u.dll&quot; &quot;win32u.pdb&quot; 0 {e7b63b3d-79e4-637f-1d13d11edafb4c15} 1 3102412338&gt;
DBG-MODULE&lt;00007FFBA9700000 00028000 &quot;GDI32.dll&quot; &quot;gdi32.pdb&quot; 0 {ee331f0f-8fda-1ede-0bcb411f0e939bac} 1 3161083915&gt;
DBG-MODULE&lt;00007FFBA7CE0000 00192000 &quot;gdi32full.dll&quot; &quot;gdi32full.pdb&quot; 0 {486ed678-52d7-0c9f-2b0bbeb5f9d4134e} 1 1036167909&gt;
DBG-MODULE&lt;00007FFBA8280000 0009F000 &quot;msvcp_win.dll&quot; &quot;msvcp_win.pdb&quot; 0 {74303628-cd13-6daa-a10846542e752567} 1 1309689682&gt;
DBG-MODULE&lt;00007FFBA8160000 000F8000 &quot;ucrtbase.dll&quot; &quot;ucrtbase.pdb&quot; 0 {3a82ff62-e89f-939f-defd6715115e9886} 1 2671013183&gt;
DBG-MODULE&lt;00007FFBA93E0000 0002D000 &quot;IMM32.DLL&quot; &quot;imm32.pdb&quot; 0 {96831597-1aa4-39c4-c892e45b5591cb36} 1 2051380879&gt;
DBG-MODULE&lt;00007FFBA71C0000 00038000 &quot;IPHLPAPI.DLL&quot; &quot;iphlpapi.pdb&quot; 0 {09f0e590-144b-d7d3-77b086c42618f9e8} 1 1861066639&gt;
DBG-MODULE&lt;00007FFBA3A80000 0004C000 &quot;pdh.dll&quot; &quot;pdh.pdb&quot; 0 {513e81ec-817b-b1b8-fdbba6be03ee110a} 1 1913817307&gt;
DBG-MODULE&lt;00007FFBA98F0000 0009E000 &quot;msvcrt.dll&quot; &quot;msvcrt.pdb&quot; 0 {d6265247-309a-824b-989b0487e235d743} 1 1555801853&gt;
DBG-MODULE&lt;00007FFBAB7B0000 00124000 &quot;RPCRT4.dll&quot; &quot;rpcrt4.pdb&quot; 0 {25e22cd6-e9b9-4926-7adf61dcbd0d049c} 1 2443493969&gt;
DBG-MODULE&lt;00007FFBAA060000 000A1000 &quot;advapi32.dll&quot; &quot;advapi32.pdb&quot; 0 {a81f8695-b1dc-c999-204bc028466d8e38} 1 68365329&gt;
DBG-MODULE&lt;00007FFBA97D0000 0005B000 &quot;sechost.dll&quot; &quot;sechost.pdb&quot; 0 {dd59c601-dc77-24c9-16f011c5053a3c9b} 1 3390543054&gt;
DBG-MODULE&lt;00007FFBA83D0000 001E2000 &quot;CRYPT32.dll&quot; &quot;crypt32.pdb&quot; 0 {dbacdb16-5ed5-ce5d-b420234acae574db} 1 30622050&gt;
DBG-MODULE&lt;00007FFBA7C80000 00012000 &quot;MSASN1.dll&quot; &quot;msasn1.pdb&quot; 0 {4a1d48cf-a1cc-2fdc-d102c5c7bcaebcab} 1 879144806&gt;
DBG-MODULE&lt;00007FFBA9420000 0006C000 &quot;WS2_32.dll&quot; &quot;ws2_32.pdb&quot; 0 {2ff28a44-df18-b872-a8b205684df1da28} 1 721506699&gt;
DBG-MODULE&lt;0000000062CF0000 001B2000 &quot;icuin52.dll&quot; &quot;icuin52.pdb&quot; 0 {13848de7-58b6-49ca-8a3da104c51da5a0} 1 1412300404&gt;
DBG-MODULE&lt;0000000062C10000 000D2000 &quot;MSVCR100.dll&quot; &quot;msvcr100.amd64.pdb&quot; 0 {25656ec1-1750-43b6-96d893aea9e1984b} 1 1307753644&gt;
DBG-MODULE&lt;0000000062B70000 00098000 &quot;MSVCP100.dll&quot; &quot;msvcp100.amd64.pdb&quot; 0 {32f89d1b-58a0-421b-9423a6bc4c3d4a97} 1 1307753666&gt;
DBG-MODULE&lt;0000000062A20000 0014B000 &quot;icuuc52.dll&quot; &quot;icuuc52.pdb&quot; 0 {9238b1da-4aa1-4fca-ae72e308518caec4} 1 1412300392&gt;
DBG-MODULE&lt;0000013CE2A10000 00A65000 &quot;icudt52.dll&quot; &quot;&quot; 0 {00000000-0000-0000-0000000000000000} 0 1412300436&gt;
DBG-MODULE&lt;00007FFB613B0000 00197000 &quot;d3d9.dll&quot; &quot;d3d9.pdb&quot; 0 {ca564a23-2b8b-5fde-fd5dccb816464278} 1 3038079138&gt;
DBG-MODULE&lt;00007FFBA6180000 00029000 &quot;dwmapi.dll&quot; &quot;dwmapi.pdb&quot; 0 {7e734699-3ee8-0019-15cc714dcae658da} 1 728268021&gt;
DBG-MODULE&lt;00007FFBA9990000 00322000 &quot;combase.dll&quot; &quot;combase.pdb&quot; 0 {aa3a99d9-0ee7-8224-206b6b074e4bf982} 1 2773280846&gt;
DBG-MODULE&lt;00007FFBA85C0000 0007A000 &quot;bcryptPrimitives.dll&quot; &quot;bcryptprimitives.pdb&quot; 0 {9073c692-d9ee-2bee-45cc18ca75a83c29} 1 3743072028&gt;
DBG-MODULE&lt;00007FFB3D0A0000 00275000 &quot;d3dx9_42.dll&quot; &quot;d3dx9_42.pdb&quot; 0 {b9d7ca1a-04dc-4c62-a5546c36964213a3} 1 1248671894&gt;
DBG-MODULE&lt;00007FFB98A20000 00047000 &quot;d3dx11_42.dll&quot; &quot;d3dx11_42.pdb&quot; 0 {0bb8f95a-f72e-4c2a-abb8ad72328a3e8b} 1 1250487042&gt;
DBG-MODULE&lt;00007FFBA9EA0000 00151000 &quot;ole32.dll&quot; &quot;ole32.pdb&quot; 0 {d29b4181-e496-249c-2b7d3ef57b95573f} 1 1122959997&gt;
DBG-MODULE&lt;00007FFB3CE20000 0027C000 &quot;D3DCompiler_42.dll&quot; &quot;D3DCompiler_42.pdb&quot; 0 {48920914-191a-4360-97e783e5cfa716e5} 1 1250486983&gt;
DBG-MODULE&lt;00007FFB726A0000 000F6000 &quot;DDRAW.dll&quot; &quot;ddraw.pdb&quot; 0 {f528c046-cb60-4c2f-7607a85725468e89} 1 3613155350&gt;
DBG-MODULE&lt;00007FFBA69E0000 000BB000 &quot;dxgi.dll&quot; &quot;dxgi.pdb&quot; 0 {e6581162-d2c5-4d45-3d61c2165a1aee8c} 1 3416812680&gt;
DBG-MODULE&lt;00007FFBA2E10000 00008000 &quot;DCIMAN32.dll&quot; &quot;dciman32.pdb&quot; 0 {6d9f584f-ae71-1e87-8ccb20887c644b95} 1 1343698628&gt;
DBG-MODULE&lt;00007FFBA75F0000 0000B000 &quot;CRYPTBASE.DLL&quot; &quot;cryptbase.pdb&quot; 0 {3d285fab-f314-4c81-cd9a4820daf6720b} 1 3051983857&gt;
DBG-MODULE&lt;00007FFBAA370000 01440000 &quot;SHELL32.dll&quot; &quot;shell32.pdb&quot; 0 {75baac82-8a44-d71d-60148663002a6f98} 1 1555740868&gt;
DBG-MODULE&lt;00007FFBA8640000 00049000 &quot;cfgmgr32.dll&quot; &quot;cfgmgr32.pdb&quot; 0 {8fa2abcb-6d2d-497e-239e80b8347c9635} 1 2676416819&gt;
DBG-MODULE&lt;00007FFBAA110000 000A9000 &quot;shcore.dll&quot; &quot;shcore.pdb&quot; 0 {af966677-d35d-e4c8-9f6c5de55415df61} 1 1940387341&gt;
DBG-MODULE&lt;00007FFBA8690000 0070D000 &quot;windows.storage.dll&quot; &quot;Windows.Storage.pdb&quot; 0 {e9b88343-41e9-5e10-4bcf1ce0ec27c740} 1 2806953611&gt;
DBG-MODULE&lt;00007FFBA9E40000 00051000 &quot;shlwapi.dll&quot; &quot;shlwapi.pdb&quot; 0 {6ac7b177-3d3a-883e-0bf5f5ba00d785f3} 1 766279475&gt;
DBG-MODULE&lt;00007FFBA7CC0000 00011000 &quot;kernel.appcore.dll&quot; &quot;Kernel.Appcore.pdb&quot; 0 {a54fd7a1-4c06-93b1-6ad97cac040380a0} 1 4037646247&gt;
DBG-MODULE&lt;00007FFBA7CA0000 0001F000 &quot;profapi.dll&quot; &quot;profapi.pdb&quot; 0 {57e1d8b9-fd35-6301-1713f648efc08751} 1 1746071419&gt;
DBG-MODULE&lt;00007FFBA7C30000 0004C000 &quot;powrprof.dll&quot; &quot;powrprof.pdb&quot; 0 {59ed7888-b9bc-b904-d8d8ccca30fa26a7} 1 2726754390&gt;
DBG-MODULE&lt;00007FFBA7C20000 0000A000 &quot;FLTLIB.DLL&quot; &quot;fltLib.pdb&quot; 0 {e90def5c-b851-e8dc-f61b81e670848afe} 1 1961070757&gt;
DBG-MODULE&lt;00007FFBA9630000 000C2000 &quot;OLEAUT32.dll&quot; &quot;oleaut32.pdb&quot; 0 {25f74c43-ec36-a0da-32ad2ebef04c434b} 1 3131080849&gt;
DBG-MODULE&lt;00007FFBA8DB0000 00008000 &quot;PSAPI.DLL&quot; &quot;psapi.pdb&quot; 0 {e5ed5635-15da-e49c-771860dc22cf09da} 1 2778714572&gt;
DBG-MODULE&lt;00007FFB844B0000 00269000 &quot;COMCTL32.dll&quot; &quot;comctl32.pdb&quot; 0 {61b374b4-5c15-5fe9-533148ab80e400da} 1 2710740527&gt;
DBG-MODULE&lt;00007FFBA4380000 0001C000 &quot;MSACM32.dll&quot; &quot;msacm32.pdb&quot; 0 {fb16eb8b-a106-83be-1d8719b809d89c82} 1 2958472110&gt;
DBG-MODULE&lt;00007FFBA5960000 0002A000 &quot;winmmbase.dll&quot; &quot;WINMMBASE.pdb&quot; 0 {c9aa8ede-efd8-6d52-94b10e676e2908d6} 1 2469718344&gt;
DBG-MODULE&lt;00007FFBA5990000 00023000 &quot;WINMM.dll&quot; &quot;winmm.pdb&quot; 0 {dc53da73-3402-b220-d7ebd844e8d49aa2} 1 1464416397&gt;
DBG-MODULE&lt;00007FFBA5FB0000 00098000 &quot;UxTheme.dll&quot; &quot;UxTheme.pdb&quot; 0 {b390c1f7-1bf3-f009-212e16d3f7cc9eaf} 1 1726556257&gt;
DBG-MODULE&lt;00007FFB94220000 00521000 &quot;WININET.dll&quot; &quot;wininet.pdb&quot; 0 {691ee4ea-5743-6a43-3fa21fdad13a10fd} 1 3503283451&gt;
DBG-MODULE&lt;00007FFB87090000 0008F000 &quot;DSOUND.dll&quot; &quot;dsound.pdb&quot; 0 {e7feef2f-df3b-1bd3-da2115a37b78c6d4} 1 2662227936&gt;
DBG-MODULE&lt;00007FFBA3660000 000DD000 &quot;WINHTTP.dll&quot; &quot;winhttp.pdb&quot; 0 {1f53a741-8836-5267-9fa84192408dae43} 1 2363991808&gt;
DBG-MODULE&lt;00007FFBA7B50000 00030000 &quot;SspiCli.dll&quot; &quot;sspicli.pdb&quot; 0 {267b5165-a686-733a-689f6e911a8c1fca} 1 87484490&gt;
DBG-MODULE&lt;00007FFB9E810000 00068000 &quot;wlanapi.dll&quot; &quot;wlanapi.pdb&quot; 0 {73f6666a-1937-e351-57b6ff0327124a33} 1 215614399&gt;
DBG-MODULE&lt;00007FFB8ED90000 00066000 &quot;bzrclient64.dll&quot; &quot;bzrclient64.pdb&quot; 0 {2fecd4be-92be-4572-a6e132b4429d9da7} 1 1540849087&gt;
DBG-MODULE&lt;00007FFBA9730000 000A0000 &quot;clbcatq.dll&quot; &quot;CLBCatQ.pdb&quot; 0 {4f8256ce-c642-7581-df388b2c7ba58642} 1 2679907775&gt;
DBG-MODULE&lt;00007FFB9EB00000 00076000 &quot;MMDevApi.dll&quot; &quot;MMDevAPI.pdb&quot; 0 {be69f4b8-9656-c739-2c3a310731f33017} 1 3113038761&gt;
DBG-MODULE&lt;00007FFBA7A30000 00027000 &quot;DEVOBJ.dll&quot; &quot;devobj.pdb&quot; 0 {e2fb3762-66e5-c1fa-df34993127631231} 1 4197975473&gt;
DBG-MODULE&lt;00007FFBA65B0000 001B4000 &quot;PROPSYS.dll&quot; &quot;propsys.pdb&quot; 0 {876085aa-509a-4277-ddab6697a6438fc3} 1 2049774845&gt;
DBG-MODULE&lt;00007FFB995E0000 0012C000 &quot;AUDIOSES.DLL&quot; &quot;audioses.pdb&quot; 0 {24646309-6c1b-ff06-d11ab0d63bb930f6} 1 1365083618&gt;
DBG-MODULE&lt;00007FFBA2E40000 0000A000 &quot;AVRT.dll&quot; &quot;avrt.pdb&quot; 0 {7234747d-4865-cd6e-0a8c85a09fc2cce2} 1 1216537635&gt;
DBG-MODULE&lt;00007FFBA3240000 0014D000 &quot;wintypes.dll&quot; &quot;WinTypes.pdb&quot; 0 {558eb67f-0829-25df-8d97e3528458deb6} 1 3910759648&gt;
DBG-MODULE&lt;00007FFBA2E00000 0000E000 &quot;perfos.dll&quot; &quot;perfos.pdb&quot; 0 {583710d2-d5a2-b2f8-f2abb2a7d5e6ab94} 1 1319977999&gt;
DBG-MODULE&lt;00007FFBA8DA0000 00008000 &quot;NSI.dll&quot; &quot;nsi.pdb&quot; 0 {cbda2ec4-758b-b683-2a8e0c18fe9d9080} 1 767541628&gt;
DBG-MODULE&lt;00007FFBA1CD0000 0001A000 &quot;dhcpcsvc.DLL&quot; &quot;dhcpcsvc.pdb&quot; 0 {7a801f40-881f-5a4d-3c466036a5004954} 1 3589038327&gt;
DBG-MODULE&lt;00007FFBA6C80000 0008B000 &quot;FirewallAPI.dll&quot; &quot;FirewallAPI.pdb&quot; 0 {df701d23-8205-99c8-fd8befae4d43e507} 1 3911641832&gt;
DBG-MODULE&lt;00007FFBA6C50000 0002B000 &quot;fwbase.dll&quot; &quot;fwbase.pdb&quot; 0 {2f64c39b-cd7b-3fc7-ee60a51945a141bf} 1 3454104324&gt;
DBG-MODULE&lt;00007FFB99270000 00039000 &quot;FWPolicyIOMgr.dll&quot; &quot;FWPolicyIOMgr.pdb&quot; 0 {c4641d43-6e9a-6d44-1e1d5465af5a17f6} 1 3714659860&gt;
DBG-MODULE&lt;00007FFBA7440000 00066000 &quot;mswsock.dll&quot; &quot;mswsock.pdb&quot; 0 {9899648e-36ca-af71-16b67561ac652189} 1 1239630573&gt;
DBG-MODULE&lt;00007FFBA1D40000 00016000 &quot;dhcpcsvc6.DLL&quot; &quot;dhcpcsvc6.pdb&quot; 0 {ea38b6aa-a622-c487-c7974befdd365a5a} 1 805938361&gt;
DBG-MODULE&lt;00007FFBA7200000 000BE000 &quot;DNSAPI.dll&quot; &quot;dnsapi.pdb&quot; 0 {1e93503f-ed37-0b57-eecfca97de6e27b4} 1 3057739786&gt;
DBG-MODULE&lt;00007FFB9DB50000 00072000 &quot;fwpuclnt.dll&quot; &quot;fwpuclnt.pdb&quot; 0 {b00727be-3232-5e6f-250b84995672d9a1} 1 412584677&gt;
DBG-MODULE&lt;00007FFBA7720000 00025000 &quot;bcrypt.dll&quot; &quot;bcrypt.pdb&quot; 0 {91c8f4c4-1d9f-826d-1c8764e7fb5314f8} 1 1057568363&gt;
DBG-MODULE&lt;00007FFB9E500000 0000A000 &quot;rasadhlp.dll&quot; &quot;rasadhlp.pdb&quot; 0 {d501e1a0-e8b6-59bd-40cb00f0d894f25c} 1 1500034709&gt;
DBG-MODULE&lt;00007FFBA3410000 00065000 &quot;Wevtapi.dll&quot; &quot;wevtapi.pdb&quot; 0 {6e6fd5d7-25ca-6607-6c9b88a30c106d2d} 1 2633811760&gt;
DBG-MODULE&lt;00007FFB53910000 0253D000 &quot;igdumdim64.dll&quot; &quot;igdumdim64.pdb&quot; 0 {df829319-ea3a-4e73-a6cda632dc522bd2} 1 1508177764&gt;
DBG-MODULE&lt;00007FFBA8DC0000 0044B000 &quot;SETUPAPI.dll&quot; &quot;setupapi.pdb&quot; 0 {4ea9fdaf-1e20-fd56-46412dbeb2253293} 1 3250039201&gt;
DBG-MODULE&lt;00007FFBA9CC0000 00173000 &quot;MSCTF.dll&quot; &quot;msctf.pdb&quot; 0 {bf5fcb40-f1ae-b017-c4f6b1a72bb1f451} 1 1347983782&gt;
DBG-MODULE&lt;00007FFB8C130000 00096000 &quot;TextInputFramework.dll&quot; &quot;TextInputFramework.pdb&quot; 0 {95af299b-4974-f1b5-1c4f342795c47621} 1 44442906&gt;
DBG-MODULE&lt;00007FFBA5880000 000DA000 &quot;CoreMessaging.dll&quot; &quot;CoreMessaging.pdb&quot; 0 {678d6c7f-7383-2a1e-5140538e092294ca} 1 3213230778&gt;
DBG-MODULE&lt;00007FFBA25C0000 0031E000 &quot;CoreUIComponents.dll&quot; &quot;CoreUIComponents.pdb&quot; 0 {4f6bb938-fdf4-7a47-01a4f197f056d0a3} 1 1759487592&gt;
DBG-MODULE&lt;00007FFBA6DC0000 00031000 &quot;ntmarta.dll&quot; &quot;ntmarta.pdb&quot; 0 {b7e4cbd1-7dc6-40fd-a01e1e28d9d9deda} 1 1031509241&gt;
DBG-MODULE&lt;00007FFBA1290000 00A3F000 &quot;igdusc64.dll&quot; &quot;igdusc64.pdb&quot; 0 {5062c333-6f94-4e15-85f1c66c25bf8d15} 1 1508176017&gt;
DBG-MODULE&lt;00007FFBA53A0000 0019C000 &quot;dcomp.dll&quot; &quot;dcomp.pdb&quot; 0 {7acc3a50-1b71-7741-557ac2993eb620b6} 1 2210604195&gt;
DBG-MODULE&lt;00000000628B0000 00169000 &quot;dbghelp.dll&quot; &quot;dbghelp.pdb&quot; 0 {3678414c-b373-4cb6-8118c1dd3434f091} 1 1235614227&gt;
DBG-MODULE&lt;0000013CE1900000 0000C000 &quot;secur32.dll&quot; &quot;secur32.pdb&quot; 0 {0e9c96fc-b77c-77cd-811132607bb2b7d2} 1 1248007843&gt;
DBG-MODULE&lt;00007FFBA43B0000 00044000 &quot;wdmaud.drv&quot; &quot;wdmaud.pdb&quot; 0 {73d6e602-1c4f-a0ac-b11b9d8019452abf} 1 4084840274&gt;
DBG-MODULE&lt;00007FFBA22F0000 00009000 &quot;ksuser.dll&quot; &quot;ksuser.pdb&quot; 0 {1a6517f8-2981-b925-99f9576fe350cad5} 1 3016845105&gt;
DBG-MODULE&lt;00007FFBA43A0000 0000D000 &quot;msacm32.drv&quot; &quot;msacm32.pdb&quot; 0 {fcc1fcc4-90ef-bf79-598a3dfaa8643dd4} 1 1058871118&gt;
DBG-MODULE&lt;00007FFBA4370000 0000A000 &quot;midimap.dll&quot; &quot;midimap.pdb&quot; 0 {5b794692-5b93-dc4e-d997fa79595f3a4f} 1 3899486048&gt;
DBG-MODULE&lt;00007FFB8C1D0000 00007000 &quot;shfolder.dll&quot; &quot;shfolder.pdb&quot; 0 {91c152ca-fbdc-04fe-2d4e417f442dbb03} 1 3906964614&gt;
DBG-MODULE&lt;00007FFBA7060000 0000A000 &quot;DPAPI.dll&quot; &quot;dpapi.pdb&quot; 0 {8285b495-bb68-9d3d-2da2c4132c87cdd0} 1 3329387615&gt;
DBG-MODULE&lt;00007FFB86DE0000 00114000 &quot;Windows.UI.dll&quot; &quot;Windows.UI.pdb&quot; 0 {3198062e-e7f3-a5b9-d90d0e83695ceb39} 1 4087838535&gt;
DBG-MODULE&lt;00007FFB89CC0000 00079000 &quot;InputHost.dll&quot; &quot;InputHost.pdb&quot; 0 {b534ddc3-76b9-be9a-0bb3fd560dd6a18c} 1 2982827788&gt;
DBG-MODULE&lt;00007FFBA6F60000 00079000 &quot;schannel.DLL&quot; &quot;schannel.pdb&quot; 0 {0143f0de-7bd5-c0c9-f601a266a7fff0dc} 1 1747320594&gt;
DBG-MODULE&lt;00007FFB99500000 00014000 &quot;mskeyprotect.dll&quot; &quot;mskeyprotect.pdb&quot; 0 {3588c44a-8e42-b718-7fe7b176b3c07d33} 1 1848353088&gt;
DBG-MODULE&lt;00007FFBA76F0000 00026000 &quot;ncrypt.dll&quot; &quot;ncrypt.pdb&quot; 0 {24832a98-b8c7-9ace-663a7c2060391de2} 1 1474207334&gt;
DBG-MODULE&lt;00007FFBA76B0000 00036000 &quot;NTASN1.dll&quot; &quot;ntasn1.pdb&quot; 0 {e51c9a5c-1cd2-f7b1-b98dfd0167259b1a} 1 4163490300&gt;
DBG-MODULE&lt;00007FFB995A0000 00021000 &quot;ncryptsslp.dll&quot; &quot;ncryptsslp.pdb&quot; 0 {83af1b0a-9a23-c37d-a57235083165d459} 1 1027941832&gt;
DBG-MODULE&lt;00007FFB91140000 00016000 &quot;napinsp.dll&quot; &quot;NapiNSP.pdb&quot; 0 {8c951082-976c-d658-6aa0d201d54ac9b7} 1 74143571&gt;
DBG-MODULE&lt;00007FFB910A0000 0001A000 &quot;pnrpnsp.dll&quot; &quot;pnrpnsp.pdb&quot; 0 {d9e6f7f8-f1c8-5f56-f7db66ba0c6bc133} 1 4241061470&gt;
DBG-MODULE&lt;00007FFBA41D0000 00019000 &quot;NLAapi.dll&quot; &quot;nlaapi.pdb&quot; 0 {2e9c5634-19c2-4906-345fe652ea21aaa2} 1 1622250848&gt;
DBG-MODULE&lt;00007FFB91B60000 0000E000 &quot;winrnr.dll&quot; &quot;winrnr.pdb&quot; 0 {59148ca5-c9a3-3562-14a529571ddb4edb} 1 3131640960&gt;
DBG-MODULE&lt;00007FFB9B3F0000 00015000 &quot;wshbth.dll&quot; &quot;wshbth.pdb&quot; 0 {cdc1d536-b742-0f6c-dde0312fb7a8c448} 1 2638283332&gt;</Value>
	</NameValuePair>

	<NameValuePair>
		<Name>Inspector.CodeBytes</Name>
		<Value>DBG-CODEBYTES&lt; 00007FF788B8049C: F0 01 00 00  45 84 E4 74  71 45 33 E4  48 8D 53 18  &gt;
DBG-CODEBYTES&lt; 00007FF788B804AC: 44 89 66 10  8B 4B 10 89  4E 10 8B 43  10 3B C0 0F  &gt;

DBG-CODEBYTES&lt; 00007FF788ADA398: 8B 88 98 03  00 00 EB 03  49 8B CF E8  F8 5D 0A 00  &gt;
DBG-CODEBYTES&lt; 00007FF788ADA3A8: 4C 8B 8E 28  02 00 00 4D  85 C9 74 16  48 8D 8B 70  &gt;

DBG-CODEBYTES&lt; 00007FF788B668EB: 24 C0 00 00  00 49 8B D6  48 8B CF E8  F5 37 F7 FF  &gt;
DBG-CODEBYTES&lt; 00007FF788B668FB: 84 C0 0F 84  48 01 00 00  4D 39 A6 E0  02 00 00 74  &gt;

DBG-CODEBYTES&lt; 00007FF788A80725: 48 8B CB 44  88 A3 7A 03  00 00 FF 90  A0 00 00 00  &gt;
DBG-CODEBYTES&lt; 00007FF788A80735: 88 44 24 30  84 C0 0F 84  A8 01 00 00  BA 09 00 00  &gt;

DBG-CODEBYTES&lt; 00007FF788A7F82B: 44 24 28 48  8D 54 24 30  48 8B CE E8  65 08 00 00  &gt;
DBG-CODEBYTES&lt; 00007FF788A7F83B: 48 8B 54 24  30 48 85 D2  74 25 48 8B  CE E8 13 ED  &gt;

DBG-CODEBYTES&lt; 00007FF788A8D8E7: 00 00 48 89  7C 24 28 88  44 24 20 E8  19 1D FF FF  &gt;
DBG-CODEBYTES&lt; 00007FF788A8D8F7: 4C 8B 38 4D  85 FF 75 18  48 8D 8D A0  00 00 00 E8  &gt;

DBG-CODEBYTES&lt; 00007FF788A9D765: DB 74 0D 48  8D 54 24 20  48 8B CF E8  3B 00 FF FF  &gt;
DBG-CODEBYTES&lt; 00007FF788A9D775: 49 8B CD E8  B3 D3 A5 FE  48 8B CF 8B  D8 E8 49 D5  &gt;

DBG-CODEBYTES&lt; 00007FF788A997CF: 01 E8 4B 73  8D FE 33 D2  48 8B CB E8  D1 3C 00 00  &gt;
DBG-CODEBYTES&lt; 00007FF788A997DF: 48 8B 8B A0  07 00 00 48  85 C9 0F 84  12 02 00 00  &gt;

DBG-CODEBYTES&lt; 00007FF7889F567D: 00 08 74 0C  48 8B 17 48  8B CF FF 92  F0 00 00 00  &gt;
DBG-CODEBYTES&lt; 00007FF7889F568D: 48 85 DB 75  BE 48 8B 5E  58 F6 C3 03  74 18 F6 C3  &gt;

DBG-CODEBYTES&lt; 00007FF7889F5520: 9C B3 FD FF  84 C0 75 08  48 8B CB E8  E0 00 00 00  &gt;
DBG-CODEBYTES&lt; 00007FF7889F5530: 48 8D 8B 98  03 00 00 48  83 C4 20 5B  E9 9F 75 18  &gt;

DBG-CODEBYTES&lt; 00007FF7889F5570: 48 8B 0D C1  42 74 03 48  8B 0C 0B E8  80 FF FF FF  &gt;
DBG-CODEBYTES&lt; 00007FF7889F5580: 48 8D 5B 08  48 83 EF 01  75 E6 48 8B  7C 24 20 48  &gt;

DBG-CODEBYTES&lt; 00007FF787337E98: FF E8 02 EA  E0 01 E8 2D  7E 0B 00 E8  98 8E 69 01  &gt;
DBG-CODEBYTES&lt; 00007FF787337EA8: E8 63 DD 0E  00 E8 2E 95  0B 00 E8 19  19 0E 00 E8  &gt;

DBG-CODEBYTES&lt; 00007FF788120505: 33 01 00 01  00 00 00 41  FF 47 7C E8  4B 4E 21 FF  &gt;
DBG-CODEBYTES&lt; 00007FF788120515: FF 45 B4 41  FF 4F 7C 41  FF 8F 80 00  00 00 0F 31  &gt;

DBG-CODEBYTES&lt; 00007FF78817D1AC: 81 F1 12 31  C2 50 74 08  48 8B 01 8B  D6 FF 50 30  &gt;
DBG-CODEBYTES&lt; 00007FF78817D1BC: E8 AF 9A 60  FF E8 8A 70  DB FE 84 C0  74 3A 44 89  &gt;

DBG-CODEBYTES&lt; 00007FF7881828CC: 8B 0D 1E 16  71 02 E8 89  C0 6E FF E8  04 7B FF FF  &gt;
DBG-CODEBYTES&lt; 00007FF7881828DC: E8 8F 1D 12  00 48 8B F8  48 85 C0 74  09 33 C9 E8  &gt;

DBG-CODEBYTES&lt; 00007FF786F0B85A: 27 01 E8 9F  38 27 01 84  C0 74 09 E8  D6 51 27 01  &gt;
DBG-CODEBYTES&lt; 00007FF786F0B86A: 84 C0 74 F7  E8 DD 73 27  01 33 C9 E8  76 69 04 00  &gt;

DBG-CODEBYTES&lt; 00007FF786F0C53C: 90 B9 00 00  08 00 E8 A9  07 04 00 E8  84 F0 FF FF  &gt;
DBG-CODEBYTES&lt; 00007FF786F0C54C: 8B D8 8B 44  24 64 A8 02  74 11 A8 01  74 0D 33 D2  &gt;</Value>
	</NameValuePair>

	<NameValuePair>
		<Name>Region</Name>
		<Value>EU</Value>
	</NameValuePair>

	<NameValuePair>
		<Name>ToonName</Name>
		<Value>LazeR#511</Value>
	</NameValuePair>

	<NameValuePair>
		<Name>ToonHandle</Name>
		<Value>2-S2-2-878308</Value>
	</NameValuePair>

	<NameValuePair>
		<Name>SessionToonName</Name>
		<Value>Frimmzl#330</Value>
	</NameValuePair>

	<NameValuePair>
		<Name>SessionToonName</Name>
		<Value>LazeR#511</Value>
	</NameValuePair>

	<NameValuePair>
		<Name>SessionToonName</Name>
		<Value>GNN#691</Value>
	</NameValuePair>

	<NameValuePair>
		<Name>SessionToonName</Name>
		<Value>Lightning#1349</Value>
	</NameValuePair>

	<NameValuePair>
		<Name>SessionToonName</Name>
		<Value>Argetlames#651</Value>
	</NameValuePair>

	<NameValuePair>
		<Name>SessionToonName</Name>
		<Value>PetroniusV#783</Value>
	</NameValuePair>

	<NameValuePair>
		<Name>SessionToonName</Name>
		<Value>ilkitass#443</Value>
	</NameValuePair>

	<NameValuePair>
		<Name>SessionToonName</Name>
		<Value>Skelel#869</Value>
	</NameValuePair>

	<NameValuePair>
		<Name>SessionToonName</Name>
		<Value>Fliwar#327</Value>
	</NameValuePair>

	<NameValuePair>
		<Name>SessionToonName</Name>
		<Value>Wolves#105</Value>
	</NameValuePair>

	<NameValuePair>
		<Name>SessionToonName</Name>
		<Value>GoHr#472</Value>
	</NameValuePair>

	<NameValuePair>
		<Name>SessionToonHandle</Name>
		<Value>2-S2-1-6718591</Value>
	</NameValuePair>

	<NameValuePair>
		<Name>SessionToonHandle</Name>
		<Value>2-S2-2-878308</Value>
	</NameValuePair>

	<NameValuePair>
		<Name>SessionToonHandle</Name>
		<Value>2-S2-1-3204087</Value>
	</NameValuePair>

	<NameValuePair>
		<Name>SessionToonHandle</Name>
		<Value>2-S2-1-6173127</Value>
	</NameValuePair>

	<NameValuePair>
		<Name>SessionToonHandle</Name>
		<Value>2-S2-1-6522365</Value>
	</NameValuePair>

	<NameValuePair>
		<Name>SessionToonHandle</Name>
		<Value>2-S2-1-6842152</Value>
	</NameValuePair>

	<NameValuePair>
		<Name>SessionToonHandle</Name>
		<Value>2-S2-1-7446182</Value>
	</NameValuePair>

	<NameValuePair>
		<Name>SessionToonHandle</Name>
		<Value>2-S2-1-1652156</Value>
	</NameValuePair>

	<NameValuePair>
		<Name>SessionToonHandle</Name>
		<Value>2-S2-1-1964607</Value>
	</NameValuePair>

	<NameValuePair>
		<Name>SessionToonHandle</Name>
		<Value>2-S2-1-8070339</Value>
	</NameValuePair>

	<NameValuePair>
		<Name>SessionToonHandle</Name>
		<Value>2-S2-1-6001972</Value>
	</NameValuePair>

	<NameValuePair>
		<Name>GameToonName</Name>
		<Value>Frimmzl#330</Value>
	</NameValuePair>

	<NameValuePair>
		<Name>GameToonName</Name>
		<Value>LazeR#511</Value>
	</NameValuePair>

	<NameValuePair>
		<Name>GameToonName</Name>
		<Value>GNN#691</Value>
	</NameValuePair>

	<NameValuePair>
		<Name>GameToonName</Name>
		<Value>Lightning#1349</Value>
	</NameValuePair>

	<NameValuePair>
		<Name>GameToonName</Name>
		<Value>Argetlames#651</Value>
	</NameValuePair>

	<NameValuePair>
		<Name>GameToonName</Name>
		<Value>PetroniusV#783</Value>
	</NameValuePair>

	<NameValuePair>
		<Name>GameToonName</Name>
		<Value>ilkitass#443</Value>
	</NameValuePair>

	<NameValuePair>
		<Name>GameToonName</Name>
		<Value>Skelel#869</Value>
	</NameValuePair>

	<NameValuePair>
		<Name>GameToonName</Name>
		<Value>Fliwar#327</Value>
	</NameValuePair>

	<NameValuePair>
		<Name>GameToonName</Name>
		<Value>Wolves#105</Value>
	</NameValuePair>

	<NameValuePair>
		<Name>GameToonName</Name>
		<Value>GoHr#472</Value>
	</NameValuePair>

	<NameValuePair>
		<Name>GameToonHandle</Name>
		<Value>2-S2-1-6718591</Value>
	</NameValuePair>

	<NameValuePair>
		<Name>GameToonHandle</Name>
		<Value>2-S2-2-878308</Value>
	</NameValuePair>

	<NameValuePair>
		<Name>GameToonHandle</Name>
		<Value>2-S2-1-3204087</Value>
	</NameValuePair>

	<NameValuePair>
		<Name>GameToonHandle</Name>
		<Value>2-S2-1-6173127</Value>
	</NameValuePair>

	<NameValuePair>
		<Name>GameToonHandle</Name>
		<Value>2-S2-1-6522365</Value>
	</NameValuePair>

	<NameValuePair>
		<Name>GameToonHandle</Name>
		<Value>2-S2-1-6842152</Value>
	</NameValuePair>

	<NameValuePair>
		<Name>GameToonHandle</Name>
		<Value>2-S2-1-7446182</Value>
	</NameValuePair>

	<NameValuePair>
		<Name>GameToonHandle</Name>
		<Value>2-S2-1-1652156</Value>
	</NameValuePair>

	<NameValuePair>
		<Name>GameToonHandle</Name>
		<Value>2-S2-1-1964607</Value>
	</NameValuePair>

	<NameValuePair>
		<Name>GameToonHandle</Name>
		<Value>2-S2-1-8070339</Value>
	</NameValuePair>

	<NameValuePair>
		<Name>GameToonHandle</Name>
		<Value>2-S2-1-6001972</Value>
	</NameValuePair>

	<NameValuePair>
		<Name>MapName</Name>
		<Value>Zerg Hunters Closed</Value>
	</NameValuePair>

	<NameValuePair>
		<Name>MapHandle</Name>
		<Value>(9295:209)</Value>
	</NameValuePair>

	<NameValuePair>
		<Name>MapAuthorToonName</Name>
		<Value>TheuSs#966</Value>
	</NameValuePair>

	<NameValuePair>
		<Name>MapAuthorToonHandle</Name>
		<Value>2-S2-1-630417</Value>
	</NameValuePair>

	<NameValuePair>
		<Name>RandomValue</Name>
		<Value>3313693081</Value>
	</NameValuePair>

	<NameValuePair>
		<Name>GPU.DeviceDesc</Name>
		<Value>Intel(R) Iris(TM) Pro Graphics 5200</Value>
	</NameValuePair>

	<NameValuePair>
		<Name>GPU.DriverVersion</Name>
		<Value>20.19.15.4835</Value>
	</NameValuePair>

	<NameValuePair>
		<Name>GPU.VideoMemory</Name>
		<Value>117,964,800</Value>
	</NameValuePair>

	<NameValuePair>
		<Name>GPU.VertexShader</Name>
		<Value>VS3.0</Value>
	</NameValuePair>

	<NameValuePair>
		<Name>GPU.PixelShader</Name>
		<Value>PS3.0</Value>
	</NameValuePair>

	<NameValuePair>
		<Name>Graphics.Quality</Name>
		<Value>unsafe</Value>
	</NameValuePair>

	<NameValuePair>
		<Name>Graphics.Texture</Name>
		<Value>unsafe</Value>
	</NameValuePair>

</NameValuePairs>

<NameValueSets>

	<NameValueSet>
		<Name>SinceLaunchEvent</Name>
		
	<Values>
		<Value>Erroneous custom model data</Value>
<Value>Had active AI</Value>
<Value>Mismatch in texture reduction DB</Value>
<Value>Mismatch in texture DB</Value>

	</Values>
			</NameValueSet>

	<NameValueSet>
		<Name>CurrentGameEvent</Name>
		
	<Values>
		<Value>Mismatch in texture DB</Value>

	</Values>
			</NameValueSet>

</NameValueSets>


</Metadata>

</ReportedIssue>
