<?xml version="1.0" encoding="utf-8"?>
<ReportedIssue xmlns="http://schemas.datacontract.org/2004/07/Inspector.Models" xmlns:i="http://www.w3.org/2001/XMLSchema-instance">

<Version>2.3.8</Version>

<ProjectId>3</ProjectId>

<IssueType>Exception</IssueType>

<BuildNumber>B73620 (SC2.4.8.d)</BuildNumber>

<Branch>branches/SC2.4.8.d</Branch>

<Field2>SC2 Bug Staging</Field2>

<Priority>2 - High</Priority>

<Summary>ACCESS_VIOLATION reading from 0x00007FF6A7BAD080: DBG-OPTIONS&lt;FunctionsOnly SingleLine&gt; DBG-ADDR&lt;00007FF6A22BA45E&gt;(&quot;&quot;) &lt;- DBG-ADDR&lt;00007FF6A22BA840&gt;(&quot;&quot;) &lt;- DBG-ADDR&lt;00007FF6A22B1EDF&gt;(&quot;&quot;) DBG-OPTIONS&lt;&gt;</Summary>

<Assertion>ACCESS_VIOLATION
reading from 0x00007FF6A7BAD080: DBG-OPTIONS&lt;FunctionsOnly SingleLine&gt; DBG-ADDR&lt;00007FF6A22BA45E&gt;(&quot;&quot;) &lt;- DBG-ADDR&lt;00007FF6A22BA840&gt;(&quot;&quot;) &lt;- DBG-ADDR&lt;00007FF6A22B1EDF&gt;(&quot;&quot;) DBG-OPTIONS&lt;&gt;

Thread ID:10036 &quot;Main Thread&quot;

DBG-OPTIONS&lt;NoAddress NoFuncOffset NoDbgAddr NoDbgModules&gt;
DBG-ADDR&lt;00007FF6A22BA45E&gt;(&quot;&quot;)
DBG-ADDR&lt;00007FF6A22BA840&gt;(&quot;&quot;)
DBG-ADDR&lt;00007FF6A22B1EDF&gt;(&quot;&quot;)
DBG-ADDR&lt;00007FF6A22B3A7B&gt;(&quot;&quot;)
DBG-ADDR&lt;00007FF6A12195F4&gt;(&quot;&quot;)
DBG-ADDR&lt;00007FF6A0AC92B0&gt;(&quot;&quot;)
DBG-ADDR&lt;00007FF6A0AC9171&gt;(&quot;&quot;)
DBG-ADDR&lt;00007FF6A0AD0908&gt;(&quot;&quot;)
DBG-ADDR&lt;00007FF6A16CB901&gt;(&quot;&quot;)
DBG-ADDR&lt;00007FF6A16CC20A&gt;(&quot;&quot;)
DBG-ADDR&lt;00007FF6A03A9DCA&gt;(&quot;&quot;)
DBG-ADDR&lt;00007FF6A1692E5F&gt;(&quot;&quot;)
DBG-ADDR&lt;00007FF6A121C4FF&gt;(&quot;&quot;)
DBG-ADDR&lt;00007FF6A121B60A&gt;(&quot;&quot;)
DBG-ADDR&lt;00007FF6A121ABDE&gt;(&quot;&quot;)
DBG-ADDR&lt;00007FF6A03A9DCA&gt;(&quot;&quot;)
DBG-ADDR&lt;00007FF6A22B58B3&gt;(&quot;&quot;)
DBG-ADDR&lt;00007FF6A03A9DCA&gt;(&quot;&quot;)
DBG-ADDR&lt;00007FF6A23174A0&gt;(&quot;&quot;)
DBG-ADDR&lt;00007FF6A23228ED&gt;(&quot;&quot;)
DBG-ADDR&lt;00007FF6A232279B&gt;(&quot;&quot;)
DBG-ADDR&lt;00007FF6A2324341&gt;(&quot;&quot;)
DBG-ADDR&lt;00007FF6A23231F1&gt;(&quot;&quot;)
DBG-ADDR&lt;00007FF6A232443F&gt;(&quot;&quot;)
DBG-ADDR&lt;00007FF6A2224BD6&gt;(&quot;&quot;)
DBG-ADDR&lt;00007FF6A27E66A5&gt;(&quot;&quot;)
DBG-ADDR&lt;00007FF6A27E61B8&gt;(&quot;&quot;)
DBG-ADDR&lt;00007FF6A2831B88&gt;(&quot;&quot;)
DBG-ADDR&lt;00007FF6A2835B7E&gt;(&quot;&quot;)
DBG-ADDR&lt;00007FF6A282AF7B&gt;(&quot;&quot;)
DBG-ADDR&lt;00007FF6A27585BA&gt;(&quot;&quot;)
DBG-ADDR&lt;00007FF6A27582C0&gt;(&quot;&quot;)
DBG-ADDR&lt;00007FF6A2750362&gt;(&quot;&quot;)
DBG-ADDR&lt;00007FF6A224536F&gt;(&quot;&quot;)
DBG-ADDR&lt;00007FF6A235F64B&gt;(&quot;&quot;)
DBG-ADDR&lt;00007FF6A235F72F&gt;(&quot;&quot;)
DBG-ADDR&lt;00007FF6A03F3D00&gt;(&quot;&quot;)
DBG-ADDR&lt;00007FF6A03DD6AF&gt;(&quot;&quot;)
DBG-ADDR&lt;00007FF6A2245862&gt;(&quot;&quot;)
DBG-ADDR&lt;00007FF6A158D1A4&gt;(&quot;&quot;)
DBG-ADDR&lt;00007FF6A15928DC&gt;(&quot;&quot;)
DBG-ADDR&lt;00007FF6A031B86A&gt;(&quot;&quot;)
DBG-ADDR&lt;00007FF6A031C54C&gt;(&quot;&quot;)
DBG-OPTIONS&lt;&gt;</Assertion>

<HashBlock>ACCESS_VIOLATION (0xC0000005)
================================================================================
DBG-OPTIONS&lt;FunctionsOnly&gt;
DBG-ADDR&lt;00007FF6A22BA45E&gt;(&quot;&quot;)
DBG-ADDR&lt;00007FF6A22BA840&gt;(&quot;&quot;)
DBG-ADDR&lt;00007FF6A22B1EDF&gt;(&quot;&quot;)
DBG-ADDR&lt;00007FF6A22B3A7B&gt;(&quot;&quot;)
DBG-ADDR&lt;00007FF6A12195F4&gt;(&quot;&quot;)
DBG-ADDR&lt;00007FF6A0AC92B0&gt;(&quot;&quot;)
DBG-ADDR&lt;00007FF6A0AC9171&gt;(&quot;&quot;)
DBG-ADDR&lt;00007FF6A0AD0908&gt;(&quot;&quot;)
DBG-ADDR&lt;00007FF6A16CB901&gt;(&quot;&quot;)
DBG-ADDR&lt;00007FF6A16CC20A&gt;(&quot;&quot;)
DBG-ADDR&lt;00007FF6A03A9DCA&gt;(&quot;&quot;)
DBG-ADDR&lt;00007FF6A1692E5F&gt;(&quot;&quot;)
DBG-ADDR&lt;00007FF6A121C4FF&gt;(&quot;&quot;)
DBG-ADDR&lt;00007FF6A121B60A&gt;(&quot;&quot;)
DBG-ADDR&lt;00007FF6A121ABDE&gt;(&quot;&quot;)
DBG-ADDR&lt;00007FF6A03A9DCA&gt;(&quot;&quot;)
DBG-ADDR&lt;00007FF6A22B58B3&gt;(&quot;&quot;)
DBG-ADDR&lt;00007FF6A03A9DCA&gt;(&quot;&quot;)
DBG-ADDR&lt;00007FF6A23174A0&gt;(&quot;&quot;)
DBG-ADDR&lt;00007FF6A23228ED&gt;(&quot;&quot;)
DBG-ADDR&lt;00007FF6A232279B&gt;(&quot;&quot;)
DBG-ADDR&lt;00007FF6A2324341&gt;(&quot;&quot;)
DBG-ADDR&lt;00007FF6A23231F1&gt;(&quot;&quot;)
DBG-ADDR&lt;00007FF6A232443F&gt;(&quot;&quot;)
DBG-ADDR&lt;00007FF6A2224BD6&gt;(&quot;&quot;)
DBG-ADDR&lt;00007FF6A27E66A5&gt;(&quot;&quot;)
DBG-ADDR&lt;00007FF6A27E61B8&gt;(&quot;&quot;)
DBG-ADDR&lt;00007FF6A2831B88&gt;(&quot;&quot;)
DBG-ADDR&lt;00007FF6A2835B7E&gt;(&quot;&quot;)
DBG-ADDR&lt;00007FF6A282AF7B&gt;(&quot;&quot;)
DBG-ADDR&lt;00007FF6A27585BA&gt;(&quot;&quot;)
DBG-ADDR&lt;00007FF6A27582C0&gt;(&quot;&quot;)
DBG-ADDR&lt;00007FF6A2750362&gt;(&quot;&quot;)
DBG-ADDR&lt;00007FF6A224536F&gt;(&quot;&quot;)
DBG-ADDR&lt;00007FF6A235F64B&gt;(&quot;&quot;)
DBG-ADDR&lt;00007FF6A235F72F&gt;(&quot;&quot;)
DBG-ADDR&lt;00007FF6A03F3D00&gt;(&quot;&quot;)
DBG-ADDR&lt;00007FF6A03DD6AF&gt;(&quot;&quot;)
DBG-ADDR&lt;00007FF6A2245862&gt;(&quot;&quot;)
DBG-ADDR&lt;00007FF6A158D1A4&gt;(&quot;&quot;)
DBG-ADDR&lt;00007FF6A15928DC&gt;(&quot;&quot;)
DBG-ADDR&lt;00007FF6A031B86A&gt;(&quot;&quot;)
DBG-ADDR&lt;00007FF6A031C54C&gt;(&quot;&quot;)
DBG-OPTIONS&lt;&gt;</HashBlock>

<Steps></Steps>

<IssueFields>
	<IssueField>
		<Name>Version</Name>
		<Value>2.3.8</Value>
	</IssueField>
	<IssueField>
		<Name>JiraProjectKey</Name>
		<Value>SC2</Value>
	</IssueField>
	<IssueField>
		<Name>IssueType</Name>
		<Value>Exception</Value>
	</IssueField>
	<IssueField>
		<Name>BuildNumber</Name>
		<Value>B73620 (SC2.4.8.d)</Value>
	</IssueField>
	<IssueField>
		<Name>Branch</Name>
		<Value>branches/SC2.4.8.d</Value>
	</IssueField>
	<IssueField>
		<Name>Priority</Name>
		<Value>2 - High</Value>
	</IssueField>
	<IssueField>
		<Name>Summary</Name>
		<Value>ACCESS_VIOLATION reading from 0x00007FF6A7BAD080: DBG-OPTIONS&lt;FunctionsOnly SingleLine&gt; DBG-ADDR&lt;00007FF6A22BA45E&gt;(&quot;&quot;) &lt;- DBG-ADDR&lt;00007FF6A22BA840&gt;(&quot;&quot;) &lt;- DBG-ADDR&lt;00007FF6A22B1EDF&gt;(&quot;&quot;) DBG-OPTIONS&lt;&gt;</Value>
	</IssueField>
	<IssueField>
		<Name>Assertion</Name>
		<Value>ACCESS_VIOLATION
reading from 0x00007FF6A7BAD080: DBG-OPTIONS&lt;FunctionsOnly SingleLine&gt; DBG-ADDR&lt;00007FF6A22BA45E&gt;(&quot;&quot;) &lt;- DBG-ADDR&lt;00007FF6A22BA840&gt;(&quot;&quot;) &lt;- DBG-ADDR&lt;00007FF6A22B1EDF&gt;(&quot;&quot;) DBG-OPTIONS&lt;&gt;

Thread ID:10036 &quot;Main Thread&quot;

DBG-OPTIONS&lt;NoAddress NoFuncOffset NoDbgAddr NoDbgModules&gt;
DBG-ADDR&lt;00007FF6A22BA45E&gt;(&quot;&quot;)
DBG-ADDR&lt;00007FF6A22BA840&gt;(&quot;&quot;)
DBG-ADDR&lt;00007FF6A22B1EDF&gt;(&quot;&quot;)
DBG-ADDR&lt;00007FF6A22B3A7B&gt;(&quot;&quot;)
DBG-ADDR&lt;00007FF6A12195F4&gt;(&quot;&quot;)
DBG-ADDR&lt;00007FF6A0AC92B0&gt;(&quot;&quot;)
DBG-ADDR&lt;00007FF6A0AC9171&gt;(&quot;&quot;)
DBG-ADDR&lt;00007FF6A0AD0908&gt;(&quot;&quot;)
DBG-ADDR&lt;00007FF6A16CB901&gt;(&quot;&quot;)
DBG-ADDR&lt;00007FF6A16CC20A&gt;(&quot;&quot;)
DBG-ADDR&lt;00007FF6A03A9DCA&gt;(&quot;&quot;)
DBG-ADDR&lt;00007FF6A1692E5F&gt;(&quot;&quot;)
DBG-ADDR&lt;00007FF6A121C4FF&gt;(&quot;&quot;)
DBG-ADDR&lt;00007FF6A121B60A&gt;(&quot;&quot;)
DBG-ADDR&lt;00007FF6A121ABDE&gt;(&quot;&quot;)
DBG-ADDR&lt;00007FF6A03A9DCA&gt;(&quot;&quot;)
DBG-ADDR&lt;00007FF6A22B58B3&gt;(&quot;&quot;)
DBG-ADDR&lt;00007FF6A03A9DCA&gt;(&quot;&quot;)
DBG-ADDR&lt;00007FF6A23174A0&gt;(&quot;&quot;)
DBG-ADDR&lt;00007FF6A23228ED&gt;(&quot;&quot;)
DBG-ADDR&lt;00007FF6A232279B&gt;(&quot;&quot;)
DBG-ADDR&lt;00007FF6A2324341&gt;(&quot;&quot;)
DBG-ADDR&lt;00007FF6A23231F1&gt;(&quot;&quot;)
DBG-ADDR&lt;00007FF6A232443F&gt;(&quot;&quot;)
DBG-ADDR&lt;00007FF6A2224BD6&gt;(&quot;&quot;)
DBG-ADDR&lt;00007FF6A27E66A5&gt;(&quot;&quot;)
DBG-ADDR&lt;00007FF6A27E61B8&gt;(&quot;&quot;)
DBG-ADDR&lt;00007FF6A2831B88&gt;(&quot;&quot;)
DBG-ADDR&lt;00007FF6A2835B7E&gt;(&quot;&quot;)
DBG-ADDR&lt;00007FF6A282AF7B&gt;(&quot;&quot;)
DBG-ADDR&lt;00007FF6A27585BA&gt;(&quot;&quot;)
DBG-ADDR&lt;00007FF6A27582C0&gt;(&quot;&quot;)
DBG-ADDR&lt;00007FF6A2750362&gt;(&quot;&quot;)
DBG-ADDR&lt;00007FF6A224536F&gt;(&quot;&quot;)
DBG-ADDR&lt;00007FF6A235F64B&gt;(&quot;&quot;)
DBG-ADDR&lt;00007FF6A235F72F&gt;(&quot;&quot;)
DBG-ADDR&lt;00007FF6A03F3D00&gt;(&quot;&quot;)
DBG-ADDR&lt;00007FF6A03DD6AF&gt;(&quot;&quot;)
DBG-ADDR&lt;00007FF6A2245862&gt;(&quot;&quot;)
DBG-ADDR&lt;00007FF6A158D1A4&gt;(&quot;&quot;)
DBG-ADDR&lt;00007FF6A15928DC&gt;(&quot;&quot;)
DBG-ADDR&lt;00007FF6A031B86A&gt;(&quot;&quot;)
DBG-ADDR&lt;00007FF6A031C54C&gt;(&quot;&quot;)
DBG-OPTIONS&lt;&gt;</Value>
	</IssueField>
	<IssueField>
		<Name>HashBlock</Name>
		<Value>ACCESS_VIOLATION (0xC0000005)
================================================================================
DBG-OPTIONS&lt;FunctionsOnly&gt;
DBG-ADDR&lt;00007FF6A22BA45E&gt;(&quot;&quot;)
DBG-ADDR&lt;00007FF6A22BA840&gt;(&quot;&quot;)
DBG-ADDR&lt;00007FF6A22B1EDF&gt;(&quot;&quot;)
DBG-ADDR&lt;00007FF6A22B3A7B&gt;(&quot;&quot;)
DBG-ADDR&lt;00007FF6A12195F4&gt;(&quot;&quot;)
DBG-ADDR&lt;00007FF6A0AC92B0&gt;(&quot;&quot;)
DBG-ADDR&lt;00007FF6A0AC9171&gt;(&quot;&quot;)
DBG-ADDR&lt;00007FF6A0AD0908&gt;(&quot;&quot;)
DBG-ADDR&lt;00007FF6A16CB901&gt;(&quot;&quot;)
DBG-ADDR&lt;00007FF6A16CC20A&gt;(&quot;&quot;)
DBG-ADDR&lt;00007FF6A03A9DCA&gt;(&quot;&quot;)
DBG-ADDR&lt;00007FF6A1692E5F&gt;(&quot;&quot;)
DBG-ADDR&lt;00007FF6A121C4FF&gt;(&quot;&quot;)
DBG-ADDR&lt;00007FF6A121B60A&gt;(&quot;&quot;)
DBG-ADDR&lt;00007FF6A121ABDE&gt;(&quot;&quot;)
DBG-ADDR&lt;00007FF6A03A9DCA&gt;(&quot;&quot;)
DBG-ADDR&lt;00007FF6A22B58B3&gt;(&quot;&quot;)
DBG-ADDR&lt;00007FF6A03A9DCA&gt;(&quot;&quot;)
DBG-ADDR&lt;00007FF6A23174A0&gt;(&quot;&quot;)
DBG-ADDR&lt;00007FF6A23228ED&gt;(&quot;&quot;)
DBG-ADDR&lt;00007FF6A232279B&gt;(&quot;&quot;)
DBG-ADDR&lt;00007FF6A2324341&gt;(&quot;&quot;)
DBG-ADDR&lt;00007FF6A23231F1&gt;(&quot;&quot;)
DBG-ADDR&lt;00007FF6A232443F&gt;(&quot;&quot;)
DBG-ADDR&lt;00007FF6A2224BD6&gt;(&quot;&quot;)
DBG-ADDR&lt;00007FF6A27E66A5&gt;(&quot;&quot;)
DBG-ADDR&lt;00007FF6A27E61B8&gt;(&quot;&quot;)
DBG-ADDR&lt;00007FF6A2831B88&gt;(&quot;&quot;)
DBG-ADDR&lt;00007FF6A2835B7E&gt;(&quot;&quot;)
DBG-ADDR&lt;00007FF6A282AF7B&gt;(&quot;&quot;)
DBG-ADDR&lt;00007FF6A27585BA&gt;(&quot;&quot;)
DBG-ADDR&lt;00007FF6A27582C0&gt;(&quot;&quot;)
DBG-ADDR&lt;00007FF6A2750362&gt;(&quot;&quot;)
DBG-ADDR&lt;00007FF6A224536F&gt;(&quot;&quot;)
DBG-ADDR&lt;00007FF6A235F64B&gt;(&quot;&quot;)
DBG-ADDR&lt;00007FF6A235F72F&gt;(&quot;&quot;)
DBG-ADDR&lt;00007FF6A03F3D00&gt;(&quot;&quot;)
DBG-ADDR&lt;00007FF6A03DD6AF&gt;(&quot;&quot;)
DBG-ADDR&lt;00007FF6A2245862&gt;(&quot;&quot;)
DBG-ADDR&lt;00007FF6A158D1A4&gt;(&quot;&quot;)
DBG-ADDR&lt;00007FF6A15928DC&gt;(&quot;&quot;)
DBG-ADDR&lt;00007FF6A031B86A&gt;(&quot;&quot;)
DBG-ADDR&lt;00007FF6A031C54C&gt;(&quot;&quot;)
DBG-OPTIONS&lt;&gt;</Value>
	</IssueField>
	<IssueField>
		<Name>Steps</Name>
		<Value></Value>
	</IssueField>
</IssueFields>
<Metadata>
<NameValuePairs>

	<NameValuePair>
		<Name>OS.Platform</Name>
		<Value>Windows</Value>
	</NameValuePair>

	<NameValuePair>
		<Name>OS.Family</Name>
		<Value>Windows 10/10 Server</Value>
	</NameValuePair>

	<NameValuePair>
		<Name>OS.Build</Name>
		<Value>Windows 10 (17134) 64-bit</Value>
	</NameValuePair>

	<NameValuePair>
		<Name>OS.Bits</Name>
		<Value>64</Value>
	</NameValuePair>

	<NameValuePair>
		<Name>Mem.Physical</Name>
		<Value>17179869184</Value>
	</NameValuePair>

	<NameValuePair>
		<Name>Mem.Grouping</Name>
		<Value> 16.0 GB -  23.99 GB</Value>
	</NameValuePair>

	<NameValuePair>
		<Name>CPU.Vendor</Name>
		<Value>Intel</Value>
	</NameValuePair>

	<NameValuePair>
		<Name>CPU.Brand</Name>
		<Value>Intel(R) Core(TM) i7-4770HQ CPU @ 2.20GHz</Value>
	</NameValuePair>

	<NameValuePair>
		<Name>CPU.Signature</Name>
		<Value>GenuineIntel 00040661</Value>
	</NameValuePair>

	<NameValuePair>
		<Name>CPU.LogicalProcessors</Name>
		<Value>8</Value>
	</NameValuePair>

	<NameValuePair>
		<Name>CPU.ClockRate.Grouping</Name>
		<Value>2.00GHz - 2.29GHz</Value>
	</NameValuePair>

	<NameValuePair>
		<Name>User.UUID</Name>
		<Value>1A9E0097-8ADC-4F28-B7AD-A59040478C8E</Value>
	</NameValuePair>

	<NameValuePair>
		<Name>Report.UUID</Name>
		<Value>FB9CD4CC-2F30-4FF3-B80A-29011854CF4D</Value>
	</NameValuePair>

	<NameValuePair>
		<Name>Parameters</Name>
		<Value>-sso=1 -launch -uid s2_enus</Value>
	</NameValuePair>

	<NameValuePair>
		<Name>ComputerUser</Name>
		<Value>Ivan</Value>
	</NameValuePair>

	<NameValuePair>
		<Name>ComputerName</Name>
		<Value>DESKTOP-DSNC292</Value>
	</NameValuePair>

	<NameValuePair>
		<Name>Exe.Architecture</Name>
		<Value>x86_64</Value>
	</NameValuePair>

	<NameValuePair>
		<Name>Version</Name>
		<Value>4.8.6.73620</Value>
	</NameValuePair>

	<NameValuePair>
		<Name>DataBuild</Name>
		<Value>B73620</Value>
	</NameValuePair>

	<NameValuePair>
		<Name>CodeBranch</Name>
		<Value>branches/SC2.4.8.d</Value>
	</NameValuePair>

	<NameValuePair>
		<Name>CodeRevision</Name>
		<Value>587005</Value>
	</NameValuePair>

	<NameValuePair>
		<Name>Locale.Assets</Name>
		<Value>enUS</Value>
	</NameValuePair>

	<NameValuePair>
		<Name>Locale.Data</Name>
		<Value>enUS</Value>
	</NameValuePair>

	<NameValuePair>
		<Name>Locale.Install</Name>
		<Value>enUS</Value>
	</NameValuePair>

	<NameValuePair>
		<Name>AccountCountry</Name>
		<Value>UKR</Value>
	</NameValuePair>

	<NameValuePair>
		<Name>AgentVersion</Name>
		<Value>2.17.1.6685</Value>
	</NameValuePair>

	<NameValuePair>
		<Name>ErrorType</Name>
		<Value>ACCESS_VIOLATION (0xC0000005)</Value>
	</NameValuePair>

	<NameValuePair>
		<Name>GetLastError</Name>
		<Value>0</Value>
	</NameValuePair>

	<NameValuePair>
		<Name>Application</Name>
		<Value>StarCraft II</Value>
	</NameValuePair>

	<NameValuePair>
		<Name>InstanceID</Name>
		<Value>0</Value>
	</NameValuePair>

	<NameValuePair>
		<Name>Inspector.DebugModules</Name>
		<Value>DBG-MODULE&lt;00007FF6A0130000 07A7D000 &quot;SC2_x64.exe&quot; &quot;SC2_x64.pdb&quot; 0 {d75a00dc-35b4-4fa4-b594c49ec12c1600} 20 1556060057&gt;
DBG-MODULE&lt;00007FFD5E770000 001E1000 &quot;ntdll.dll&quot; &quot;ntdll.pdb&quot; 0 {95927c40-b68e-505c-d22742795247114c} 1 1958664368&gt;
DBG-MODULE&lt;00007FFD5C060000 000B1000 &quot;KERNEL32.DLL&quot; &quot;kernel32.pdb&quot; 0 {ca130beb-f44e-36ea-c20c5e95752843f6} 1 1944847273&gt;
DBG-MODULE&lt;00007FFD5B980000 00273000 &quot;KERNELBASE.dll&quot; &quot;kernelbase.pdb&quot; 0 {cd6c76e6-1202-5328-7103cd7e22cc0a5d} 1 3119816945&gt;
DBG-MODULE&lt;00007FFD5E5B0000 00190000 &quot;USER32.dll&quot; &quot;user32.pdb&quot; 0 {a6eca7ae-60ef-5c0b-7889f47b2d1e345f} 1 385948636&gt;
DBG-MODULE&lt;00007FFD5B3D0000 00020000 &quot;win32u.dll&quot; &quot;win32u.pdb&quot; 0 {e7b63b3d-79e4-637f-1d13d11edafb4c15} 1 3102412338&gt;
DBG-MODULE&lt;00007FFD5C590000 00028000 &quot;GDI32.dll&quot; &quot;gdi32.pdb&quot; 0 {ee331f0f-8fda-1ede-0bcb411f0e939bac} 1 3161083915&gt;
DBG-MODULE&lt;00007FFD5B5E0000 00192000 &quot;gdi32full.dll&quot; &quot;gdi32full.pdb&quot; 0 {db831e49-6e16-7f2f-76c840f0c951e052} 1 3450305398&gt;
DBG-MODULE&lt;00007FFD5B880000 0009F000 &quot;msvcp_win.dll&quot; &quot;msvcp_win.pdb&quot; 0 {74303628-cd13-6daa-a10846542e752567} 1 1309689682&gt;
DBG-MODULE&lt;00007FFD5B2D0000 000F8000 &quot;ucrtbase.dll&quot; &quot;ucrtbase.pdb&quot; 0 {3a82ff62-e89f-939f-defd6715115e9886} 1 2671013183&gt;
DBG-MODULE&lt;00007FFD5C030000 0002D000 &quot;IMM32.DLL&quot; &quot;imm32.pdb&quot; 0 {96831597-1aa4-39c4-c892e45b5591cb36} 1 2051380879&gt;
DBG-MODULE&lt;00007FFD5A020000 00038000 &quot;IPHLPAPI.DLL&quot; &quot;iphlpapi.pdb&quot; 0 {09f0e590-144b-d7d3-77b086c42618f9e8} 1 1861066639&gt;
DBG-MODULE&lt;00007FFD56A90000 0004C000 &quot;pdh.dll&quot; &quot;pdh.pdb&quot; 0 {513e81ec-817b-b1b8-fdbba6be03ee110a} 1 1913817307&gt;
DBG-MODULE&lt;00007FFD5DC50000 0009E000 &quot;msvcrt.dll&quot; &quot;msvcrt.pdb&quot; 0 {d6265247-309a-824b-989b0487e235d743} 1 1555801853&gt;
DBG-MODULE&lt;00007FFD5DDC0000 00124000 &quot;RPCRT4.dll&quot; &quot;rpcrt4.pdb&quot; 0 {25e22cd6-e9b9-4926-7adf61dcbd0d049c} 1 2443493969&gt;
DBG-MODULE&lt;00007FFD5C180000 000A1000 &quot;advapi32.dll&quot; &quot;advapi32.pdb&quot; 0 {a81f8695-b1dc-c999-204bc028466d8e38} 1 68365329&gt;
DBG-MODULE&lt;00007FFD5BFC0000 0005B000 &quot;sechost.dll&quot; &quot;sechost.pdb&quot; 0 {dd59c601-dc77-24c9-16f011c5053a3c9b} 1 3390543054&gt;
DBG-MODULE&lt;00007FFD5B3F0000 001E2000 &quot;CRYPT32.dll&quot; &quot;crypt32.pdb&quot; 0 {dbacdb16-5ed5-ce5d-b420234acae574db} 1 30622050&gt;
DBG-MODULE&lt;00007FFD5AB00000 00012000 &quot;MSASN1.dll&quot; &quot;msasn1.pdb&quot; 0 {4a1d48cf-a1cc-2fdc-d102c5c7bcaebcab} 1 879144806&gt;
DBG-MODULE&lt;00007FFD5E540000 0006C000 &quot;WS2_32.dll&quot; &quot;ws2_32.pdb&quot; 0 {2ff28a44-df18-b872-a8b205684df1da28} 1 721506699&gt;
DBG-MODULE&lt;0000000074990000 001B2000 &quot;icuin52.dll&quot; &quot;icuin52.pdb&quot; 0 {13848de7-58b6-49ca-8a3da104c51da5a0} 1 1412300404&gt;
DBG-MODULE&lt;00000000748B0000 000D2000 &quot;MSVCR100.dll&quot; &quot;msvcr100.amd64.pdb&quot; 0 {25656ec1-1750-43b6-96d893aea9e1984b} 1 1307753644&gt;
DBG-MODULE&lt;0000000074810000 00098000 &quot;MSVCP100.dll&quot; &quot;msvcp100.amd64.pdb&quot; 0 {32f89d1b-58a0-421b-9423a6bc4c3d4a97} 1 1307753666&gt;
DBG-MODULE&lt;00000000746C0000 0014B000 &quot;icuuc52.dll&quot; &quot;icuuc52.pdb&quot; 0 {9238b1da-4aa1-4fca-ae72e308518caec4} 1 1412300392&gt;
DBG-MODULE&lt;000001FFC4DF0000 00A65000 &quot;icudt52.dll&quot; &quot;&quot; 0 {00000000-0000-0000-0000000000000000} 0 1412300436&gt;
DBG-MODULE&lt;00007FFD19360000 00197000 &quot;d3d9.dll&quot; &quot;d3d9.pdb&quot; 0 {ca564a23-2b8b-5fde-fd5dccb816464278} 1 3038079138&gt;
DBG-MODULE&lt;00007FFD59080000 00029000 &quot;dwmapi.dll&quot; &quot;dwmapi.pdb&quot; 0 {7e734699-3ee8-0019-15cc714dcae658da} 1 728268021&gt;
DBG-MODULE&lt;00007FFD5BC90000 00322000 &quot;combase.dll&quot; &quot;combase.pdb&quot; 0 {aa3a99d9-0ee7-8224-206b6b074e4bf982} 1 2773280846&gt;
DBG-MODULE&lt;00007FFD5B250000 0007A000 &quot;bcryptPrimitives.dll&quot; &quot;bcryptprimitives.pdb&quot; 0 {9073c692-d9ee-2bee-45cc18ca75a83c29} 1 3743072028&gt;
DBG-MODULE&lt;00007FFD11510000 00275000 &quot;d3dx9_42.dll&quot; &quot;d3dx9_42.pdb&quot; 0 {b9d7ca1a-04dc-4c62-a5546c36964213a3} 1 1248671894&gt;
DBG-MODULE&lt;00007FFD4CF00000 00047000 &quot;d3dx11_42.dll&quot; &quot;d3dx11_42.pdb&quot; 0 {0bb8f95a-f72e-4c2a-abb8ad72328a3e8b} 1 1250487042&gt;
DBG-MODULE&lt;00007FFD5C5C0000 00151000 &quot;ole32.dll&quot; &quot;ole32.pdb&quot; 0 {d0b59145-885d-74f9-ea2bbda8b9d71648} 1 711628755&gt;
DBG-MODULE&lt;00007FFD10560000 0027C000 &quot;D3DCompiler_42.dll&quot; &quot;D3DCompiler_42.pdb&quot; 0 {48920914-191a-4360-97e783e5cfa716e5} 1 1250486983&gt;
DBG-MODULE&lt;00007FFD19520000 000F6000 &quot;DDRAW.dll&quot; &quot;ddraw.pdb&quot; 0 {f528c046-cb60-4c2f-7607a85725468e89} 1 3613155350&gt;
DBG-MODULE&lt;00007FFD59840000 000BB000 &quot;dxgi.dll&quot; &quot;dxgi.pdb&quot; 0 {e6581162-d2c5-4d45-3d61c2165a1aee8c} 1 3416812680&gt;
DBG-MODULE&lt;00007FFD56540000 00008000 &quot;DCIMAN32.dll&quot; &quot;dciman32.pdb&quot; 0 {6d9f584f-ae71-1e87-8ccb20887c644b95} 1 1343698628&gt;
DBG-MODULE&lt;00007FFD5A450000 0000B000 &quot;CRYPTBASE.DLL&quot; &quot;cryptbase.pdb&quot; 0 {3d285fab-f314-4c81-cd9a4820daf6720b} 1 3051983857&gt;
DBG-MODULE&lt;00007FFD5C810000 01440000 &quot;SHELL32.dll&quot; &quot;shell32.pdb&quot; 0 {75baac82-8a44-d71d-60148663002a6f98} 1 1555740868&gt;
DBG-MODULE&lt;00007FFD5B830000 00049000 &quot;cfgmgr32.dll&quot; &quot;cfgmgr32.pdb&quot; 0 {8fa2abcb-6d2d-497e-239e80b8347c9635} 1 2676416819&gt;
DBG-MODULE&lt;00007FFD5C350000 000A9000 &quot;shcore.dll&quot; &quot;shcore.pdb&quot; 0 {af966677-d35d-e4c8-9f6c5de55415df61} 1 1940387341&gt;
DBG-MODULE&lt;00007FFD5AB40000 0070D000 &quot;windows.storage.dll&quot; &quot;Windows.Storage.pdb&quot; 0 {81227a06-5e38-d90c-70c25bf46fa03b49} 1 2607828221&gt;
DBG-MODULE&lt;00007FFD5E4E0000 00051000 &quot;shlwapi.dll&quot; &quot;shlwapi.pdb&quot; 0 {6ac7b177-3d3a-883e-0bf5f5ba00d785f3} 1 766279475&gt;
DBG-MODULE&lt;00007FFD5AB20000 00011000 &quot;kernel.appcore.dll&quot; &quot;Kernel.Appcore.pdb&quot; 0 {a54fd7a1-4c06-93b1-6ad97cac040380a0} 1 4037646247&gt;
DBG-MODULE&lt;00007FFD5AAE0000 0001F000 &quot;profapi.dll&quot; &quot;profapi.pdb&quot; 0 {57e1d8b9-fd35-6301-1713f648efc08751} 1 1746071419&gt;
DBG-MODULE&lt;00007FFD5AA80000 0004C000 &quot;powrprof.dll&quot; &quot;powrprof.pdb&quot; 0 {59ed7888-b9bc-b904-d8d8ccca30fa26a7} 1 2726754390&gt;
DBG-MODULE&lt;00007FFD5AAD0000 0000A000 &quot;FLTLIB.DLL&quot; &quot;fltLib.pdb&quot; 0 {e90def5c-b851-e8dc-f61b81e670848afe} 1 1961070757&gt;
DBG-MODULE&lt;00007FFD5DCF0000 000C2000 &quot;OLEAUT32.dll&quot; &quot;oleaut32.pdb&quot; 0 {25f74c43-ec36-a0da-32ad2ebef04c434b} 1 3131080849&gt;
DBG-MODULE&lt;00007FFD5C580000 00008000 &quot;PSAPI.DLL&quot; &quot;psapi.pdb&quot; 0 {e5ed5635-15da-e49c-771860dc22cf09da} 1 2778714572&gt;
DBG-MODULE&lt;00007FFD40F80000 00269000 &quot;COMCTL32.dll&quot; &quot;comctl32.pdb&quot; 0 {bbb21c34-a9c1-7983-c2858376d247b65c} 1 3988594948&gt;
DBG-MODULE&lt;00007FFD54890000 0001C000 &quot;MSACM32.dll&quot; &quot;msacm32.pdb&quot; 0 {fb16eb8b-a106-83be-1d8719b809d89c82} 1 2958472110&gt;
DBG-MODULE&lt;00007FFD587A0000 0002A000 &quot;winmmbase.dll&quot; &quot;WINMMBASE.pdb&quot; 0 {c9aa8ede-efd8-6d52-94b10e676e2908d6} 1 2469718344&gt;
DBG-MODULE&lt;00007FFD588C0000 00023000 &quot;WINMM.dll&quot; &quot;winmm.pdb&quot; 0 {dc53da73-3402-b220-d7ebd844e8d49aa2} 1 1464416397&gt;
DBG-MODULE&lt;00007FFD58D10000 00098000 &quot;UxTheme.dll&quot; &quot;UxTheme.pdb&quot; 0 {b390c1f7-1bf3-f009-212e16d3f7cc9eaf} 1 1726556257&gt;
DBG-MODULE&lt;00007FFD49BF0000 004BD000 &quot;WININET.dll&quot; &quot;wininet.pdb&quot; 0 {9d3289e9-cde7-2ac4-2479f217bbbefe1c} 1 743401398&gt;
DBG-MODULE&lt;00007FFD32390000 0008F000 &quot;DSOUND.dll&quot; &quot;dsound.pdb&quot; 0 {e7feef2f-df3b-1bd3-da2115a37b78c6d4} 1 2662227936&gt;
DBG-MODULE&lt;00007FFD56740000 000DD000 &quot;WINHTTP.dll&quot; &quot;winhttp.pdb&quot; 0 {1f53a741-8836-5267-9fa84192408dae43} 1 2363991808&gt;
DBG-MODULE&lt;00007FFD4CDF0000 00066000 &quot;bzrclient64.dll&quot; &quot;bzrclient64.pdb&quot; 0 {2fecd4be-92be-4572-a6e132b4429d9da7} 1 1540849087&gt;
DBG-MODULE&lt;00007FFD5C2B0000 000A0000 &quot;clbcatq.dll&quot; &quot;CLBCatQ.pdb&quot; 0 {4f8256ce-c642-7581-df388b2c7ba58642} 1 2679907775&gt;
DBG-MODULE&lt;00007FFD53380000 00076000 &quot;MMDevApi.dll&quot; &quot;MMDevAPI.pdb&quot; 0 {be69f4b8-9656-c739-2c3a310731f33017} 1 3113038761&gt;
DBG-MODULE&lt;00007FFD59580000 001B4000 &quot;PROPSYS.dll&quot; &quot;propsys.pdb&quot; 0 {876085aa-509a-4277-ddab6697a6438fc3} 1 2049774845&gt;
DBG-MODULE&lt;00007FFD5A890000 00027000 &quot;DEVOBJ.dll&quot; &quot;devobj.pdb&quot; 0 {e2fb3762-66e5-c1fa-df34993127631231} 1 4197975473&gt;
DBG-MODULE&lt;00007FFD4D2E0000 0012C000 &quot;AUDIOSES.DLL&quot; &quot;audioses.pdb&quot; 0 {24646309-6c1b-ff06-d11ab0d63bb930f6} 1 1365083618&gt;
DBG-MODULE&lt;00007FFD56370000 0014D000 &quot;wintypes.dll&quot; &quot;WinTypes.pdb&quot; 0 {558eb67f-0829-25df-8d97e3528458deb6} 1 3910759648&gt;
DBG-MODULE&lt;00007FFD55A40000 0000A000 &quot;AVRT.dll&quot; &quot;avrt.pdb&quot; 0 {7234747d-4865-cd6e-0a8c85a09fc2cce2} 1 1216537635&gt;
DBG-MODULE&lt;00007FFD5A980000 00030000 &quot;SspiCli.dll&quot; &quot;sspicli.pdb&quot; 0 {267b5165-a686-733a-689f6e911a8c1fca} 1 87484490&gt;
DBG-MODULE&lt;00007FFD53E60000 00068000 &quot;wlanapi.dll&quot; &quot;wlanapi.pdb&quot; 0 {73f6666a-1937-e351-57b6ff0327124a33} 1 215614399&gt;
DBG-MODULE&lt;00007FFD55460000 0000E000 &quot;perfos.dll&quot; &quot;perfos.pdb&quot; 0 {583710d2-d5a2-b2f8-f2abb2a7d5e6ab94} 1 1319977999&gt;
DBG-MODULE&lt;00007FFD5BC60000 00008000 &quot;NSI.dll&quot; &quot;nsi.pdb&quot; 0 {cbda2ec4-758b-b683-2a8e0c18fe9d9080} 1 767541628&gt;
DBG-MODULE&lt;00007FFD53060000 0001A000 &quot;dhcpcsvc.DLL&quot; &quot;dhcpcsvc.pdb&quot; 0 {7a801f40-881f-5a4d-3c466036a5004954} 1 3589038327&gt;
DBG-MODULE&lt;00007FFD59AE0000 0008A000 &quot;FirewallAPI.dll&quot; &quot;FirewallAPI.pdb&quot; 0 {05b1cc4d-6876-39e4-4a30e360fddec99d} 1 3707338793&gt;
DBG-MODULE&lt;00007FFD59AB0000 0002B000 &quot;fwbase.dll&quot; &quot;fwbase.pdb&quot; 0 {2f64c39b-cd7b-3fc7-ee60a51945a141bf} 1 3454104324&gt;
DBG-MODULE&lt;00007FFD47CC0000 00039000 &quot;FWPolicyIOMgr.dll&quot; &quot;FWPolicyIOMgr.pdb&quot; 0 {c4641d43-6e9a-6d44-1e1d5465af5a17f6} 1 3714659860&gt;
DBG-MODULE&lt;00007FFD5A2A0000 00066000 &quot;mswsock.dll&quot; &quot;mswsock.pdb&quot; 0 {9899648e-36ca-af71-16b67561ac652189} 1 1239630573&gt;
DBG-MODULE&lt;00007FFD531D0000 00016000 &quot;dhcpcsvc6.DLL&quot; &quot;dhcpcsvc6.pdb&quot; 0 {ea38b6aa-a622-c487-c7974befdd365a5a} 1 805938361&gt;
DBG-MODULE&lt;00007FFD5A060000 000BE000 &quot;DNSAPI.dll&quot; &quot;dnsapi.pdb&quot; 0 {1e93503f-ed37-0b57-eecfca97de6e27b4} 1 3057739786&gt;
DBG-MODULE&lt;00007FFD4FAD0000 00072000 &quot;fwpuclnt.dll&quot; &quot;fwpuclnt.pdb&quot; 0 {b00727be-3232-5e6f-250b84995672d9a1} 1 412584677&gt;
DBG-MODULE&lt;00007FFD5A580000 00025000 &quot;bcrypt.dll&quot; &quot;bcrypt.pdb&quot; 0 {91c8f4c4-1d9f-826d-1c8764e7fb5314f8} 1 1057568363&gt;
DBG-MODULE&lt;00007FFD52D40000 0000A000 &quot;rasadhlp.dll&quot; &quot;rasadhlp.pdb&quot; 0 {d501e1a0-e8b6-59bd-40cb00f0d894f25c} 1 1500034709&gt;
DBG-MODULE&lt;00007FFD56260000 00065000 &quot;Wevtapi.dll&quot; &quot;wevtapi.pdb&quot; 0 {6e6fd5d7-25ca-6607-6c9b88a30c106d2d} 1 2633811760&gt;
DBG-MODULE&lt;00007FFD16E20000 0253D000 &quot;igdumdim64.dll&quot; &quot;igdumdim64.pdb&quot; 0 {df829319-ea3a-4e73-a6cda632dc522bd2} 1 1508177764&gt;
DBG-MODULE&lt;00007FFD5E090000 0044B000 &quot;SETUPAPI.dll&quot; &quot;setupapi.pdb&quot; 0 {4ea9fdaf-1e20-fd56-46412dbeb2253293} 1 3250039201&gt;
DBG-MODULE&lt;00007FFD5C400000 00173000 &quot;MSCTF.dll&quot; &quot;msctf.pdb&quot; 0 {bf5fcb40-f1ae-b017-c4f6b1a72bb1f451} 1 1347983782&gt;
DBG-MODULE&lt;00007FFD47E90000 00096000 &quot;TextInputFramework.dll&quot; &quot;TextInputFramework.pdb&quot; 0 {95af299b-4974-f1b5-1c4f342795c47621} 1 44442906&gt;
DBG-MODULE&lt;00007FFD586C0000 000DA000 &quot;CoreMessaging.dll&quot; &quot;CoreMessaging.pdb&quot; 0 {678d6c7f-7383-2a1e-5140538e092294ca} 1 3213230778&gt;
DBG-MODULE&lt;00007FFD54DB0000 0031E000 &quot;CoreUIComponents.dll&quot; &quot;CoreUIComponents.pdb&quot; 0 {4f6bb938-fdf4-7a47-01a4f197f056d0a3} 1 1759487592&gt;
DBG-MODULE&lt;00007FFD59C20000 00031000 &quot;ntmarta.dll&quot; &quot;ntmarta.pdb&quot; 0 {b7e4cbd1-7dc6-40fd-a01e1e28d9d9deda} 1 1031509241&gt;
DBG-MODULE&lt;00007FFD53420000 00A3F000 &quot;igdusc64.dll&quot; &quot;igdusc64.pdb&quot; 0 {5062c333-6f94-4e15-85f1c66c25bf8d15} 1 1508176017&gt;
DBG-MODULE&lt;00007FFD581E0000 0019C000 &quot;dcomp.dll&quot; &quot;dcomp.pdb&quot; 0 {7acc3a50-1b71-7741-557ac2993eb620b6} 1 2210604195&gt;
DBG-MODULE&lt;0000000074550000 00169000 &quot;dbghelp.dll&quot; &quot;dbghelp.pdb&quot; 0 {3678414c-b373-4cb6-8118c1dd3434f091} 1 1235614227&gt;
DBG-MODULE&lt;00007FFD3D700000 0000C000 &quot;secur32.dll&quot; &quot;secur32.pdb&quot; 0 {0e9c96fc-b77c-77cd-811132607bb2b7d2} 1 1248007843&gt;
DBG-MODULE&lt;00007FFD3BD90000 00044000 &quot;wdmaud.drv&quot; &quot;wdmaud.pdb&quot; 0 {73d6e602-1c4f-a0ac-b11b9d8019452abf} 1 4084840274&gt;
DBG-MODULE&lt;00007FFD572F0000 00009000 &quot;ksuser.dll&quot; &quot;ksuser.pdb&quot; 0 {1a6517f8-2981-b925-99f9576fe350cad5} 1 3016845105&gt;
DBG-MODULE&lt;00007FFD4FE70000 0000D000 &quot;msacm32.drv&quot; &quot;msacm32.pdb&quot; 0 {fcc1fcc4-90ef-bf79-598a3dfaa8643dd4} 1 1058871118&gt;
DBG-MODULE&lt;00007FFD4F900000 0000A000 &quot;midimap.dll&quot; &quot;midimap.pdb&quot; 0 {5b794692-5b93-dc4e-d997fa79595f3a4f} 1 3899486048&gt;
DBG-MODULE&lt;00007FFD3CBB0000 00007000 &quot;shfolder.dll&quot; &quot;shfolder.pdb&quot; 0 {91c152ca-fbdc-04fe-2d4e417f442dbb03} 1 3906964614&gt;
DBG-MODULE&lt;00007FFD59EC0000 0000A000 &quot;DPAPI.dll&quot; &quot;dpapi.pdb&quot; 0 {8285b495-bb68-9d3d-2da2c4132c87cdd0} 1 3329387615&gt;
DBG-MODULE&lt;00007FFD44CE0000 00114000 &quot;Windows.UI.dll&quot; &quot;Windows.UI.pdb&quot; 0 {3198062e-e7f3-a5b9-d90d0e83695ceb39} 1 4087838535&gt;
DBG-MODULE&lt;00007FFD44C60000 00079000 &quot;InputHost.dll&quot; &quot;InputHost.pdb&quot; 0 {b534ddc3-76b9-be9a-0bb3fd560dd6a18c} 1 2982827788&gt;
DBG-MODULE&lt;00007FFD59DC0000 00079000 &quot;schannel.DLL&quot; &quot;schannel.pdb&quot; 0 {0143f0de-7bd5-c0c9-f601a266a7fff0dc} 1 1747320594&gt;
DBG-MODULE&lt;00007FFD367B0000 00014000 &quot;mskeyprotect.dll&quot; &quot;mskeyprotect.pdb&quot; 0 {3588c44a-8e42-b718-7fe7b176b3c07d33} 1 1848353088&gt;
DBG-MODULE&lt;00007FFD5A550000 00026000 &quot;ncrypt.dll&quot; &quot;ncrypt.pdb&quot; 0 {24832a98-b8c7-9ace-663a7c2060391de2} 1 1474207334&gt;
DBG-MODULE&lt;00007FFD5A510000 00036000 &quot;NTASN1.dll&quot; &quot;ntasn1.pdb&quot; 0 {e51c9a5c-1cd2-f7b1-b98dfd0167259b1a} 1 4163490300&gt;
DBG-MODULE&lt;00007FFD36A30000 00021000 &quot;ncryptsslp.dll&quot; &quot;ncryptsslp.pdb&quot; 0 {83af1b0a-9a23-c37d-a57235083165d459} 1 1027941832&gt;
DBG-MODULE&lt;00007FFD3D360000 00016000 &quot;napinsp.dll&quot; &quot;NapiNSP.pdb&quot; 0 {8c951082-976c-d658-6aa0d201d54ac9b7} 1 74143571&gt;
DBG-MODULE&lt;00007FFD3CC50000 0001A000 &quot;pnrpnsp.dll&quot; &quot;pnrpnsp.pdb&quot; 0 {d9e6f7f8-f1c8-5f56-f7db66ba0c6bc133} 1 4241061470&gt;
DBG-MODULE&lt;00007FFD57030000 00019000 &quot;NLAapi.dll&quot; &quot;nlaapi.pdb&quot; 0 {2e9c5634-19c2-4906-345fe652ea21aaa2} 1 1622250848&gt;
DBG-MODULE&lt;00007FFD3CC40000 0000E000 &quot;winrnr.dll&quot; &quot;winrnr.pdb&quot; 0 {59148ca5-c9a3-3562-14a529571ddb4edb} 1 3131640960&gt;
DBG-MODULE&lt;00007FFD4DC40000 00015000 &quot;wshbth.dll&quot; &quot;wshbth.pdb&quot; 0 {cdc1d536-b742-0f6c-dde0312fb7a8c448} 1 2638283332&gt;</Value>
	</NameValuePair>

	<NameValuePair>
		<Name>Inspector.CodeBytes</Name>
		<Value>DBG-CODEBYTES&lt; 00007FF6A22BA44E: C9 74 3C 4C  8B 59 18 8B  CA 4C 69 C1  98 00 00 00  &gt;
DBG-CODEBYTES&lt; 00007FF6A22BA45E: 43 81 3C 18  E7 03 00 00  75 0B 43 81  7C 18 04 C4  &gt;

DBG-CODEBYTES&lt; 00007FF6A22BA830: F1 75 08 32  C0 48 83 C4  20 5E C3 E8  00 FC FF FF  &gt;
DBG-CODEBYTES&lt; 00007FF6A22BA840: 83 F8 16 74  08 B0 01 48  83 C4 20 5E  C3 48 8B 0D  &gt;

DBG-CODEBYTES&lt; 00007FF6A22B1ECF: 00 48 81 C1  90 00 00 00  48 03 CE E8  41 89 00 00  &gt;
DBG-CODEBYTES&lt; 00007FF6A22B1EDF: 84 C0 75 0A  B0 01 48 83  C4 40 5F 5E  5B C3 B8 02  &gt;

DBG-CODEBYTES&lt; 00007FF6A22B3A6B: 83 78 08 01  74 0E 8B 13  48 8B CE E8  25 E4 FF FF  &gt;
DBG-CODEBYTES&lt; 00007FF6A22B3A7B: 84 C0 74 02  FF C7 48 81  C3 B8 01 00  00 48 83 ED  &gt;

DBG-CODEBYTES&lt; 00007FF6A12195E4: C4 28 C3 E8  94 AE 02 01  48 8B C8 E8  FC A3 09 01  &gt;
DBG-CODEBYTES&lt; 00007FF6A12195F4: 85 C0 0F 95  C0 48 83 C4  28 C3 CC CC  48 83 EC 28  &gt;

DBG-CODEBYTES&lt; 00007FF6A0AC92A0: 48 89 54 24  30 48 8D 54  24 30 48 8B  01 FF 50 08  &gt;
DBG-CODEBYTES&lt; 00007FF6A0AC92B0: 0F B6 17 83  EB 01 74 64  83 EB 01 74  4F 83 EB 01  &gt;

DBG-CODEBYTES&lt; 00007FF6A0AC9161: 24 60 4C 8B  C6 48 8B D5  48 8B CB E8  FF 00 00 00  &gt;
DBG-CODEBYTES&lt; 00007FF6A0AC9171: 48 8B 5C 24  40 48 8B 6C  24 48 48 8B  74 24 50 48  &gt;

DBG-CODEBYTES&lt; 00007FF6A0AD08F8: 60 48 8B D7  48 8B CD 89  44 24 20 E8  08 88 FF FF  &gt;
DBG-CODEBYTES&lt; 00007FF6A0AD0908: 48 8B 5C 24  40 48 8B 6C  24 48 48 8B  74 24 50 48  &gt;

DBG-CODEBYTES&lt; 00007FF6A16CB8F1: 4C 89 4C 24  20 4C 8B CA  48 8B 57 08  41 FF 52 60  &gt;
DBG-CODEBYTES&lt; 00007FF6A16CB901: 48 8B 5C 24  40 48 83 C4  30 5F C3 CC  CC CC CC 40  &gt;

DBG-CODEBYTES&lt; 00007FF6A16CC1FA: 48 8B CF 0F  B6 58 20 48  8B 07 80 E3  01 FF 50 30  &gt;
DBG-CODEBYTES&lt; 00007FF6A16CC20A: 3A D8 74 09  48 8B 07 48  8B CF FF 50  28 33 C0 48  &gt;

DBG-CODEBYTES&lt; 00007FF6A03A9DBA: 47 08 48 85  C0 74 0F 48  83 E1 FE 49  8B D4 FF D0  &gt;
DBG-CODEBYTES&lt; 00007FF6A03A9DCA: 85 C0 41 0F  44 ED 48 83  FB FF 74 0D  F6 03 01 4C  &gt;

DBG-CODEBYTES&lt; 00007FF6A1692E4F: BF FD FF 48  8B C8 48 8D  54 24 20 E8  C1 6D D1 FE  &gt;
DBG-CODEBYTES&lt; 00007FF6A1692E5F: 48 83 C4 50  5B C3 7F 2A  19 98 E6 1F  16 A6 B5 2A  &gt;

DBG-CODEBYTES&lt; 00007FF6A121C4EF: 03 4C 89 7D  20 48 8B D0  48 8B CE E8  01 69 47 00  &gt;
DBG-CODEBYTES&lt; 00007FF6A121C4FF: BA 12 00 00  00 48 8B CF  E8 64 29 45  00 84 C0 0F  &gt;

DBG-CODEBYTES&lt; 00007FF6A121B5FA: 48 8B CB E8  9E 0A 00 00  48 8B CB E8  B6 0B 00 00  &gt;
DBG-CODEBYTES&lt; 00007FF6A121B60A: 48 8D BB B8  00 00 00 BA  12 00 00 00  48 8B CF E8  &gt;

DBG-CODEBYTES&lt; 00007FF6A121ABCE: 28 C3 40 53  48 83 EC 20  48 8B D9 E8  F2 09 00 00  &gt;
DBG-CODEBYTES&lt; 00007FF6A121ABDE: 48 8B CB E8  DA EE FF FF  33 C0 48 83  C4 20 5B C3  &gt;

DBG-CODEBYTES&lt; 00007FF6A03A9DBA: 47 08 48 85  C0 74 0F 48  83 E1 FE 49  8B D4 FF D0  &gt;
DBG-CODEBYTES&lt; 00007FF6A03A9DCA: 85 C0 41 0F  44 ED 48 83  FB FF 74 0D  F6 03 01 4C  &gt;

DBG-CODEBYTES&lt; 00007FF6A22B58A3: 74 24 48 C7  44 24 50 FF  FF FF FF E8  6D 43 0F FE  &gt;
DBG-CODEBYTES&lt; 00007FF6A22B58B3: 48 8B 4C 24  70 48 89 5C  24 40 48 85  C9 0F 84 84  &gt;

DBG-CODEBYTES&lt; 00007FF6A03A9DBA: 47 08 48 85  C0 74 0F 48  83 E1 FE 49  8B D4 FF D0  &gt;
DBG-CODEBYTES&lt; 00007FF6A03A9DCA: 85 C0 41 0F  44 ED 48 83  FB FF 74 0D  F6 03 01 4C  &gt;

DBG-CODEBYTES&lt; 00007FF6A2317490: 24 30 92 00  00 00 48 89  44 24 38 E8  80 27 09 FE  &gt;
DBG-CODEBYTES&lt; 00007FF6A23174A0: E9 EE FC FF  FF 48 8B C8  E8 E3 76 FF  FF 48 8D 0D  &gt;

DBG-CODEBYTES&lt; 00007FF6A23228DD: 75 0E 48 8B  0B 4D 8B C7  49 8B D6 48  8B 01 FF 10  &gt;
DBG-CODEBYTES&lt; 00007FF6A23228ED: 48 83 C3 18  48 83 EE 01  75 AE 48 8B  74 24 50 48  &gt;

DBG-CODEBYTES&lt; 00007FF6A232278B: 44 24 2C 00  00 00 00 89  44 24 30 E8  35 00 00 00  &gt;
DBG-CODEBYTES&lt; 00007FF6A232279B: 8B 4C 24 2C  85 C9 74 16  83 F9 01 75  1D 8B D1 48  &gt;

DBG-CODEBYTES&lt; 00007FF6A2324331: 8D 44 24 30  0F B6 12 89  44 24 30 48  8B 01 FF 10  &gt;
DBG-CODEBYTES&lt; 00007FF6A2324341: 48 83 C4 28  C3 0D EE 33  A8 93 7C AD  4B 19 29 48  &gt;

DBG-CODEBYTES&lt; 00007FF6A23231E1: 8B 07 48 8D  54 24 48 4C  8B CE 48 8B  CF FF 50 20  &gt;
DBG-CODEBYTES&lt; 00007FF6A23231F1: 48 8B 5C 24  40 33 C0 48  8B 74 24 50  48 83 C4 30  &gt;

DBG-CODEBYTES&lt; 00007FF6A232442F: C5 49 63 04  C4 48 03 C8  43 FF 94 CC  28 0B 00 00  &gt;
DBG-CODEBYTES&lt; 00007FF6A232443F: 8B 4D CC 48  8D 05 BF 38  A6 00 48 89  45 B0 48 8D  &gt;

DBG-CODEBYTES&lt; 00007FF6A2224BC6: 4E 08 48 8B  01 4C 8D 45  E7 48 8D 55  97 FF 50 70  &gt;
DBG-CODEBYTES&lt; 00007FF6A2224BD6: 90 4C 89 7D  97 48 8D 05  7E 38 AA 00  48 89 45 BF  &gt;

DBG-CODEBYTES&lt; 00007FF6A27E6695: 00 49 8B D6  48 8B 8D 18  01 00 00 E8  1B E4 A3 FF  &gt;
DBG-CODEBYTES&lt; 00007FF6A27E66A5: 90 49 8B 07  49 8B D6 49  8B CF FF 50  10 90 E9 AC  &gt;

DBG-CODEBYTES&lt; 00007FF6A27E61A8: 00 C7 81 04  0C 00 00 02  00 00 00 E8  F8 01 00 00  &gt;
DBG-CODEBYTES&lt; 00007FF6A27E61B8: 33 C0 48 89  44 24 38 48  89 44 24 40  48 89 44 24  &gt;

DBG-CODEBYTES&lt; 00007FF6A2831B78: 75 2C 49 8B  0C 24 48 85  C9 74 07 E8  F8 45 FB FF  &gt;
DBG-CODEBYTES&lt; 00007FF6A2831B88: EB 1C 45 33  C0 48 8D 15  CC 00 25 00  48 8D 0D ED  &gt;

DBG-CODEBYTES&lt; 00007FF6A2835B6E: 90 48 8D 15  A2 43 E0 04  48 8B 0E E8  52 BE FF FF  &gt;
DBG-CODEBYTES&lt; 00007FF6A2835B7E: 48 8B 0D 93  43 E0 04 48  C7 05 88 43  E0 04 00 00  &gt;

DBG-CODEBYTES&lt; 00007FF6A282AF6B: 00 00 00 EB  12 48 8B D3  48 8B CD E8  85 9E 00 00  &gt;
DBG-CODEBYTES&lt; 00007FF6A282AF7B: F6 D8 1B C0  83 C0 03 8B  F8 48 8B CB  E8 94 89 B9  &gt;

DBG-CODEBYTES&lt; 00007FF6A27585AA: 44 0F B6 C7  48 8D 55 B8  48 8D 4D D8  43 FF 14 13  &gt;
DBG-CODEBYTES&lt; 00007FF6A27585BA: 85 C0 0F 84  5A 01 00 00  83 E8 01 0F  84 2C 01 00  &gt;

DBG-CODEBYTES&lt; 00007FF6A27582B0: 54 24 50 4C  89 7C 24 50  48 8B CB E8  F0 00 00 00  &gt;
DBG-CODEBYTES&lt; 00007FF6A27582C0: 84 C0 74 54  48 8B 7C 24  50 48 85 FF  74 6A 4C 8B  &gt;

DBG-CODEBYTES&lt; 00007FF6A2750352: 00 48 89 44  24 20 4C 8B  CE 4C 8B C5  41 FF 52 18  &gt;
DBG-CODEBYTES&lt; 00007FF6A2750362: EB 1C 45 33  C0 48 8D 15  F2 18 33 00  48 8D 0D 13  &gt;

DBG-CODEBYTES&lt; 00007FF6A224535F: 54 24 20 41  8B 96 00 F4  FF FF 48 8B  01 FF 50 18  &gt;
DBG-CODEBYTES&lt; 00007FF6A224536F: 4C 8B 7C 24  60 84 C0 75  1D 49 8D 8E  08 F4 FF FF  &gt;

DBG-CODEBYTES&lt; 00007FF6A235F63B: 8B 87 88 00  00 00 4C 8D  4F 0C 48 8B  01 FF 50 10  &gt;
DBG-CODEBYTES&lt; 00007FF6A235F64B: 8B D8 8B 87  88 00 00 00  3B D8 0F 43  D8 85 DB 74  &gt;

DBG-CODEBYTES&lt; 00007FF6A235F71F: 48 8D 4B A8  85 C0 74 17  01 43 30 E8  D1 FE FF FF  &gt;
DBG-CODEBYTES&lt; 00007FF6A235F72F: 48 83 C4 20  5B C3 83 F8  02 75 0E 48  8D 4B A8 BA  &gt;

DBG-CODEBYTES&lt; 00007FF6A03F3CF0: F7 98 01 85  C0 74 09 49  8B 06 49 8B  CE FF 50 08  &gt;
DBG-CODEBYTES&lt; 00007FF6A03F3D00: FF C6 3B 33  72 CA 8B F7  39 BB 10 04  00 00 76 3D  &gt;

DBG-CODEBYTES&lt; 00007FF6A03DD69F: 01 00 84 C0  74 DB 48 8D  4C 24 20 E8  F1 64 01 00  &gt;
DBG-CODEBYTES&lt; 00007FF6A03DD6AF: 84 C0 40 0F  B6 F6 48 8D  4C 24 20 0F  45 F5 E8 CE  &gt;

DBG-CODEBYTES&lt; 00007FF6A2245852: FF FF 49 8B  95 08 0A 00  00 8B 0B E8  CE 7D 19 FE  &gt;
DBG-CODEBYTES&lt; 00007FF6A2245862: F7 43 0C 00  00 00 80 0F  B6 F8 44 89  3B 0F 85 9E  &gt;

DBG-CODEBYTES&lt; 00007FF6A158D194: 8B 0D 96 56  12 04 48 85  C9 74 05 E8  AC 84 CB 00  &gt;
DBG-CODEBYTES&lt; 00007FF6A158D1A4: 48 8B 0D B5  2C FF 01 48  81 F1 12 31  C2 50 74 08  &gt;

DBG-CODEBYTES&lt; 00007FF6A15928CC: 8B 0D 1E 16  71 02 E8 89  C0 6E FF E8  04 7B FF FF  &gt;
DBG-CODEBYTES&lt; 00007FF6A15928DC: E8 8F 1D 12  00 48 8B F8  48 85 C0 74  09 33 C9 E8  &gt;

DBG-CODEBYTES&lt; 00007FF6A031B85A: 27 01 E8 9F  38 27 01 84  C0 74 09 E8  D6 51 27 01  &gt;
DBG-CODEBYTES&lt; 00007FF6A031B86A: 84 C0 74 F7  E8 DD 73 27  01 33 C9 E8  76 69 04 00  &gt;

DBG-CODEBYTES&lt; 00007FF6A031C53C: 90 B9 00 00  08 00 E8 A9  07 04 00 E8  84 F0 FF FF  &gt;
DBG-CODEBYTES&lt; 00007FF6A031C54C: 8B D8 8B 44  24 64 A8 02  74 11 A8 01  74 0D 33 D2  &gt;</Value>
	</NameValuePair>

	<NameValuePair>
		<Name>Region</Name>
		<Value>EU</Value>
	</NameValuePair>

	<NameValuePair>
		<Name>ToonName</Name>
		<Value>LazeR#511</Value>
	</NameValuePair>

	<NameValuePair>
		<Name>ToonHandle</Name>
		<Value>2-S2-2-878308</Value>
	</NameValuePair>

	<NameValuePair>
		<Name>GPU.DeviceDesc</Name>
		<Value>Intel(R) Iris(TM) Pro Graphics 5200</Value>
	</NameValuePair>

	<NameValuePair>
		<Name>GPU.DriverVersion</Name>
		<Value>20.19.15.4835</Value>
	</NameValuePair>

	<NameValuePair>
		<Name>GPU.VideoMemory</Name>
		<Value>117,964,800</Value>
	</NameValuePair>

	<NameValuePair>
		<Name>GPU.VertexShader</Name>
		<Value>VS3.0</Value>
	</NameValuePair>

	<NameValuePair>
		<Name>GPU.PixelShader</Name>
		<Value>PS3.0</Value>
	</NameValuePair>

	<NameValuePair>
		<Name>Graphics.Quality</Name>
		<Value>unsafe</Value>
	</NameValuePair>

	<NameValuePair>
		<Name>Graphics.Texture</Name>
		<Value>unsafe</Value>
	</NameValuePair>

</NameValuePairs>

<NameValueSets>

	<NameValueSet>
		<Name>SinceLaunchEvent</Name>
		
	<Values>
		<Value>Erroneous custom model data</Value>
<Value>Mismatch in texture reduction DB</Value>
<Value>Mismatch in texture DB</Value>

	</Values>
			</NameValueSet>

</NameValueSets>


</Metadata>

</ReportedIssue>
